fecha,turno,estacion_id,estacion_nombre,tiempo_planificado_min,tiempo_paradas_min,tiempo_operativo_min,velocidad_ideal_upm,unidades_producidas,unidades_defectuosas,unidades_buenas,dias_desde_mantencion,fecha_ultima_mantencion
2025-01-01,Mañana,EST-01,Aserrado,480,26,454,12,4944,100,4844,1,2025-01-01
2025-01-01,Tarde,EST-01,Aserrado,480,0,480,12,5345,89,5256,2,2025-01-01
2025-01-01,Noche,EST-01,Aserrado,480,45,435,12,4648,174,4474,3,2025-01-01
2025-01-01,Mañana,EST-02,Prensado,480,91,389,8,2763,105,2658,15,2025-01-01
2025-01-01,Tarde,EST-02,Prensado,480,0,480,8,3335,79,3256,16,2025-01-01
2025-01-01,Noche,EST-02,Prensado,480,77,403,8,2737,81,2656,17,2025-01-01
2025-01-02,Mañana,EST-01,Aserrado,480,56,424,12,4716,69,4647,4,2025-01-01
2025-01-02,Tarde,EST-01,Aserrado,480,0,480,12,5063,138,4925,5,2025-01-01
2025-01-02,Noche,EST-01,Aserrado,480,0,480,12,5332,113,5219,6,2025-01-01
2025-01-02,Mañana,EST-02,Prensado,480,87,393,8,2939,60,2879,0,2025-01-01
2025-01-02,Tarde,EST-02,Prensado,480,0,480,8,3573,61,3512,1,2025-01-01
2025-01-02,Noche,EST-02,Prensado,480,30,450,8,3342,77,3265,2,2025-01-01
2025-01-03,Mañana,EST-01,Aserrado,480,0,480,12,5049,67,4982,0,2025-01-02
2025-01-03,Tarde,EST-01,Aserrado,480,0,480,12,5220,126,5094,1,2025-01-02
2025-01-03,Noche,EST-01,Aserrado,480,0,480,12,4966,115,4851,2,2025-01-02
2025-01-03,Mañana,EST-02,Prensado,480,0,480,8,3525,76,3449,3,2025-01-01
2025-01-03,Tarde,EST-02,Prensado,480,72,408,8,3045,72,2973,4,2025-01-01
2025-01-03,Noche,EST-02,Prensado,480,29,451,8,3116,80,3036,5,2025-01-01
2025-01-04,Mañana,EST-01,Aserrado,480,18,462,12,5119,84,5035,3,2025-01-02
2025-01-04,Tarde,EST-01,Aserrado,480,0,480,12,5205,142,5063,4,2025-01-02
2025-01-04,Noche,EST-01,Aserrado,480,60,420,12,4603,190,4413,5,2025-01-02
2025-01-04,Mañana,EST-02,Prensado,480,35,445,8,3197,129,3068,0,2025-01-03
2025-01-04,Tarde,EST-02,Prensado,480,0,480,8,3503,71,3432,1,2025-01-03
2025-01-04,Noche,EST-02,Prensado,480,41,439,8,3376,73,3303,2,2025-01-03
2025-01-05,Mañana,EST-01,Aserrado,480,0,480,12,5386,135,5251,6,2025-01-02
2025-01-05,Tarde,EST-01,Aserrado,480,0,480,12,5476,123,5353,7,2025-01-02
2025-01-05,Noche,EST-01,Aserrado,480,63,417,12,4580,100,4480,8,2025-01-02
2025-01-05,Mañana,EST-02,Prensado,480,43,437,8,2969,92,2877,3,2025-01-03
2025-01-05,Tarde,EST-02,Prensado,480,0,480,8,3333,73,3260,4,2025-01-03
2025-01-05,Noche,EST-02,Prensado,480,21,459,8,3382,98,3284,5,2025-01-03
2025-01-06,Mañana,EST-01,Aserrado,480,62,418,12,4492,115,4377,9,2025-01-02
2025-01-06,Tarde,EST-01,Aserrado,480,0,480,12,5024,133,4891,10,2025-01-02
2025-01-06,Noche,EST-01,Aserrado,480,76,404,12,4145,94,4051,11,2025-01-02
2025-01-06,Mañana,EST-02,Prensado,480,0,480,8,3708,61,3647,6,2025-01-03
2025-01-06,Tarde,EST-02,Prensado,480,24,456,8,3468,64,3404,7,2025-01-03
2025-01-06,Noche,EST-02,Prensado,480,80,400,8,2735,62,2673,8,2025-01-03
2025-01-07,Mañana,EST-01,Aserrado,480,59,421,12,4519,163,4356,12,2025-01-02
2025-01-07,Tarde,EST-01,Aserrado,480,55,425,12,4733,134,4599,13,2025-01-02
2025-01-07,Noche,EST-01,Aserrado,480,139,341,12,3378,106,3272,14,2025-01-02
2025-01-07,Mañana,EST-02,Prensado,480,0,480,8,3417,79,3338,9,2025-01-03
2025-01-07,Tarde,EST-02,Prensado,480,0,480,8,3451,79,3372,10,2025-01-03
2025-01-07,Noche,EST-02,Prensado,480,0,480,8,3368,84,3284,11,2025-01-03
2025-01-08,Mañana,EST-01,Aserrado,480,0,480,12,5243,155,5088,15,2025-01-02
2025-01-08,Tarde,EST-01,Aserrado,480,0,480,12,4902,161,4741,16,2025-01-02
2025-01-08,Noche,EST-01,Aserrado,480,104,376,12,4022,151,3871,17,2025-01-02
2025-01-08,Mañana,EST-02,Prensado,480,116,364,8,2629,85,2544,12,2025-01-03
2025-01-08,Tarde,EST-02,Prensado,480,26,454,8,3325,98,3227,13,2025-01-03
2025-01-08,Noche,EST-02,Prensado,480,0,480,8,3133,75,3058,14,2025-01-03
2025-01-09,Mañana,EST-01,Aserrado,480,119,361,12,3857,171,3686,18,2025-01-02
2025-01-09,Tarde,EST-01,Aserrado,480,0,480,12,4944,155,4789,19,2025-01-02
2025-01-09,Noche,EST-01,Aserrado,480,0,480,12,4811,149,4662,20,2025-01-02
2025-01-09,Mañana,EST-02,Prensado,480,0,480,8,3423,133,3290,15,2025-01-03
2025-01-09,Tarde,EST-02,Prensado,480,124,356,8,2346,74,2272,16,2025-01-03
2025-01-09,Noche,EST-02,Prensado,480,0,480,8,3174,53,3121,17,2025-01-03
2025-01-10,Mañana,EST-01,Aserrado,480,0,480,12,4960,170,4790,21,2025-01-02
2025-01-10,Tarde,EST-01,Aserrado,480,22,458,12,4628,201,4427,22,2025-01-02
2025-01-10,Noche,EST-01,Aserrado,480,63,417,12,3908,148,3760,23,2025-01-02
2025-01-10,Mañana,EST-02,Prensado,480,0,480,8,3317,118,3199,18,2025-01-03
2025-01-10,Tarde,EST-02,Prensado,480,0,480,8,3272,109,3163,19,2025-01-03
2025-01-10,Noche,EST-02,Prensado,480,121,359,8,2312,80,2232,20,2025-01-03
2025-01-11,Mañana,EST-01,Aserrado,480,58,422,12,4349,167,4182,24,2025-01-02
2025-01-11,Tarde,EST-01,Aserrado,480,0,480,12,4933,157,4776,25,2025-01-02
2025-01-11,Noche,EST-01,Aserrado,480,0,480,12,5035,144,4891,26,2025-01-02
2025-01-11,Mañana,EST-02,Prensado,480,0,480,8,3293,47,3246,0,2025-01-10
2025-01-11,Tarde,EST-02,Prensado,480,118,362,8,2685,49,2636,1,2025-01-10
2025-01-11,Noche,EST-02,Prensado,480,0,480,8,3378,71,3307,2,2025-01-10
2025-01-12,Mañana,EST-01,Aserrado,480,0,480,12,4822,157,4665,27,2025-01-02
2025-01-12,Tarde,EST-01,Aserrado,480,133,347,12,3616,129,3487,28,2025-01-02
2025-01-12,Noche,EST-01,Aserrado,480,0,480,12,4740,116,4624,29,2025-01-02
2025-01-12,Mañana,EST-02,Prensado,480,25,455,8,3580,84,3496,3,2025-01-10
2025-01-12,Tarde,EST-02,Prensado,480,0,480,8,3476,90,3386,4,2025-01-10
2025-01-12,Noche,EST-02,Prensado,480,0,480,8,3363,60,3303,5,2025-01-10
2025-01-13,Mañana,EST-01,Aserrado,480,157,323,12,3247,171,3076,30,2025-01-02
2025-01-13,Tarde,EST-01,Aserrado,480,82,398,12,3872,159,3713,31,2025-01-02
2025-01-13,Noche,EST-01,Aserrado,480,23,457,12,4477,202,4275,32,2025-01-02
2025-01-13,Mañana,EST-02,Prensado,480,0,480,8,3497,116,3381,6,2025-01-10
2025-01-13,Tarde,EST-02,Prensado,480,0,480,8,3349,77,3272,7,2025-01-10
2025-01-13,Noche,EST-02,Prensado,480,0,480,8,3422,70,3352,8,2025-01-10
2025-01-14,Mañana,EST-01,Aserrado,480,17,463,12,4961,103,4858,0,2025-01-13
2025-01-14,Tarde,EST-01,Aserrado,480,0,480,12,4865,71,4794,1,2025-01-13
2025-01-14,Noche,EST-01,Aserrado,480,0,480,12,5119,113,5006,2,2025-01-13
2025-01-14,Mañana,EST-02,Prensado,480,0,480,8,3380,54,3326,9,2025-01-10
2025-01-14,Tarde,EST-02,Prensado,480,71,409,8,2962,65,2897,10,2025-01-10
2025-01-14,Noche,EST-02,Prensado,480,98,382,8,2751,46,2705,11,2025-01-10
2025-01-15,Mañana,EST-01,Aserrado,480,57,423,12,4428,111,4317,3,2025-01-13
2025-01-15,Tarde,EST-01,Aserrado,480,87,393,12,4194,102,4092,4,2025-01-13
2025-01-15,Noche,EST-01,Aserrado,480,0,480,12,5491,193,5298,5,2025-01-13
2025-01-15,Mañana,EST-02,Prensado,480,0,480,8,3461,99,3362,12,2025-01-10
2025-01-15,Tarde,EST-02,Prensado,480,0,480,8,3366,99,3267,13,2025-01-10
2025-01-15,Noche,EST-02,Prensado,480,0,480,8,3584,93,3491,14,2025-01-10
2025-01-16,Mañana,EST-01,Aserrado,480,59,421,12,4831,137,4694,0,2025-01-15
2025-01-16,Tarde,EST-01,Aserrado,480,0,480,12,4987,61,4926,1,2025-01-15
2025-01-16,Noche,EST-01,Aserrado,480,0,480,12,5141,74,5067,2,2025-01-15
2025-01-16,Mañana,EST-02,Prensado,480,0,480,8,3404,90,3314,15,2025-01-10
2025-01-16,Tarde,EST-02,Prensado,480,0,480,8,3290,84,3206,16,2025-01-10
2025-01-16,Noche,EST-02,Prensado,480,69,411,8,2833,122,2711,17,2025-01-10
2025-01-17,Mañana,EST-01,Aserrado,480,35,445,12,4832,179,4653,3,2025-01-15
2025-01-17,Tarde,EST-01,Aserrado,480,133,347,12,3850,80,3770,4,2025-01-15
2025-01-17,Noche,EST-01,Aserrado,480,36,444,12,4627,114,4513,5,2025-01-15
2025-01-17,Mañana,EST-02,Prensado,480,0,480,8,3062,65,2997,18,2025-01-10
2025-01-17,Tarde,EST-02,Prensado,480,80,400,8,2804,83,2721,19,2025-01-10
2025-01-17,Noche,EST-02,Prensado,480,156,324,8,2054,71,1983,20,2025-01-10
2025-01-18,Mañana,EST-01,Aserrado,480,39,441,12,4714,87,4627,6,2025-01-15
2025-01-18,Tarde,EST-01,Aserrado,480,106,374,12,4187,79,4108,7,2025-01-15
2025-01-18,Noche,EST-01,Aserrado,480,0,480,12,5288,143,5145,8,2025-01-15
2025-01-18,Mañana,EST-02,Prensado,480,119,361,8,2806,103,2703,0,2025-01-17
2025-01-18,Tarde,EST-02,Prensado,480,0,480,8,3567,74,3493,1,2025-01-17
2025-01-18,Noche,EST-02,Prensado,480,43,437,8,3221,100,3121,2,2025-01-17
2025-01-19,Mañana,EST-01,Aserrado,480,10,470,12,5123,135,4988,9,2025-01-15
2025-01-19,Tarde,EST-01,Aserrado,480,16,464,12,4814,142,4672,10,2025-01-15
2025-01-19,Noche,EST-01,Aserrado,480,0,480,12,4894,116,4778,11,2025-01-15
2025-01-19,Mañana,EST-02,Prensado,480,33,447,8,3190,105,3085,3,2025-01-17
2025-01-19,Tarde,EST-02,Prensado,480,0,480,8,3652,59,3593,4,2025-01-17
2025-01-19,Noche,EST-02,Prensado,480,0,480,8,3615,33,3582,5,2025-01-17
2025-01-20,Mañana,EST-01,Aserrado,480,0,480,12,4937,120,4817,12,2025-01-15
2025-01-20,Tarde,EST-01,Aserrado,480,101,379,12,3994,148,3846,13,2025-01-15
2025-01-20,Noche,EST-01,Aserrado,480,0,480,12,4994,122,4872,14,2025-01-15
2025-01-20,Mañana,EST-02,Prensado,480,54,426,8,2875,75,2800,6,2025-01-17
2025-01-20,Tarde,EST-02,Prensado,480,87,393,8,2699,84,2615,7,2025-01-17
2025-01-20,Noche,EST-02,Prensado,480,73,407,8,2923,42,2881,8,2025-01-17
2025-01-21,Mañana,EST-01,Aserrado,480,43,437,12,4737,103,4634,15,2025-01-15
2025-01-21,Tarde,EST-01,Aserrado,480,22,458,12,4380,129,4251,16,2025-01-15
2025-01-21,Noche,EST-01,Aserrado,480,0,480,12,5186,130,5056,17,2025-01-15
2025-01-21,Mañana,EST-02,Prensado,480,0,480,8,3412,110,3302,9,2025-01-17
2025-01-21,Tarde,EST-02,Prensado,480,22,458,8,3178,117,3061,10,2025-01-17
2025-01-21,Noche,EST-02,Prensado,480,0,480,8,3295,92,3203,11,2025-01-17
2025-01-22,Mañana,EST-01,Aserrado,480,110,370,12,3768,106,3662,18,2025-01-15
2025-01-22,Tarde,EST-01,Aserrado,480,97,383,12,4028,142,3886,19,2025-01-15
2025-01-22,Noche,EST-01,Aserrado,480,0,480,12,5116,175,4941,20,2025-01-15
2025-01-22,Mañana,EST-02,Prensado,480,0,480,8,3433,38,3395,12,2025-01-17
2025-01-22,Tarde,EST-02,Prensado,480,0,480,8,3249,74,3175,13,2025-01-17
2025-01-22,Noche,EST-02,Prensado,480,0,480,8,3557,98,3459,14,2025-01-17
2025-01-23,Mañana,EST-01,Aserrado,480,175,305,12,3140,91,3049,21,2025-01-15
2025-01-23,Tarde,EST-01,Aserrado,480,0,480,12,5109,147,4962,22,2025-01-15
2025-01-23,Noche,EST-01,Aserrado,480,0,480,12,5028,167,4861,23,2025-01-15
2025-01-23,Mañana,EST-02,Prensado,480,0,480,8,3304,105,3199,15,2025-01-17
2025-01-23,Tarde,EST-02,Prensado,480,0,480,8,3436,98,3338,16,2025-01-17
2025-01-23,Noche,EST-02,Prensado,480,0,480,8,3409,97,3312,17,2025-01-17
2025-01-24,Mañana,EST-01,Aserrado,480,141,339,12,3918,68,3850,0,2025-01-23
2025-01-24,Tarde,EST-01,Aserrado,480,0,480,12,5223,123,5100,1,2025-01-23
2025-01-24,Noche,EST-01,Aserrado,480,0,480,12,5201,52,5149,2,2025-01-23
2025-01-24,Mañana,EST-02,Prensado,480,0,480,8,3381,89,3292,18,2025-01-17
2025-01-24,Tarde,EST-02,Prensado,480,0,480,8,3203,110,3093,19,2025-01-17
2025-01-24,Noche,EST-02,Prensado,480,0,480,8,3364,84,3280,20,2025-01-17
2025-01-25,Mañana,EST-01,Aserrado,480,0,480,12,5061,138,4923,0,2025-01-24
2025-01-25,Tarde,EST-01,Aserrado,480,0,480,12,5533,100,5433,1,2025-01-24
2025-01-25,Noche,EST-01,Aserrado,480,22,458,12,5010,100,4910,2,2025-01-24
2025-01-25,Mañana,EST-02,Prensado,480,53,427,8,3062,136,2926,21,2025-01-17
2025-01-25,Tarde,EST-02,Prensado,480,86,394,8,2702,78,2624,22,2025-01-17
2025-01-25,Noche,EST-02,Prensado,480,33,447,8,3044,107,2937,23,2025-01-17
2025-01-26,Mañana,EST-01,Aserrado,480,0,480,12,5332,140,5192,3,2025-01-24
2025-01-26,Tarde,EST-01,Aserrado,480,21,459,12,5117,77,5040,4,2025-01-24
2025-01-26,Noche,EST-01,Aserrado,480,0,480,12,5013,106,4907,5,2025-01-24
2025-01-26,Mañana,EST-02,Prensado,480,87,393,8,2572,88,2484,24,2025-01-17
2025-01-26,Tarde,EST-02,Prensado,480,78,402,8,2708,84,2624,25,2025-01-17
2025-01-26,Noche,EST-02,Prensado,480,115,365,8,2571,85,2486,26,2025-01-17
2025-01-27,Mañana,EST-01,Aserrado,480,0,480,12,5101,117,4984,6,2025-01-24
2025-01-27,Tarde,EST-01,Aserrado,480,96,384,12,4275,106,4169,7,2025-01-24
2025-01-27,Noche,EST-01,Aserrado,480,0,480,12,4737,80,4657,8,2025-01-24
2025-01-27,Mañana,EST-02,Prensado,480,28,452,8,2940,134,2806,27,2025-01-17
2025-01-27,Tarde,EST-02,Prensado,480,31,449,8,2895,126,2769,28,2025-01-17
2025-01-27,Noche,EST-02,Prensado,480,0,480,8,3046,118,2928,29,2025-01-17
2025-01-28,Mañana,EST-01,Aserrado,480,36,444,12,4855,164,4691,9,2025-01-24
2025-01-28,Tarde,EST-01,Aserrado,480,16,464,12,5282,99,5183,10,2025-01-24
2025-01-28,Noche,EST-01,Aserrado,480,0,480,12,5181,129,5052,11,2025-01-24
2025-01-28,Mañana,EST-02,Prensado,480,26,454,8,3111,101,3010,30,2025-01-17
2025-01-28,Tarde,EST-02,Prensado,480,120,360,8,2278,95,2183,31,2025-01-17
2025-01-28,Noche,EST-02,Prensado,480,143,337,8,2280,75,2205,32,2025-01-17
2025-01-29,Mañana,EST-01,Aserrado,480,0,480,12,4697,124,4573,12,2025-01-24
2025-01-29,Tarde,EST-01,Aserrado,480,0,480,12,5342,175,5167,13,2025-01-24
2025-01-29,Noche,EST-01,Aserrado,480,0,480,12,4986,89,4897,14,2025-01-24
2025-01-29,Mañana,EST-02,Prensado,480,0,480,8,3567,58,3509,0,2025-01-28
2025-01-29,Tarde,EST-02,Prensado,480,19,461,8,3392,83,3309,1,2025-01-28
2025-01-29,Noche,EST-02,Prensado,480,0,480,8,3584,85,3499,2,2025-01-28
2025-01-30,Mañana,EST-01,Aserrado,480,36,444,12,4665,114,4551,15,2025-01-24
2025-01-30,Tarde,EST-01,Aserrado,480,43,437,12,4697,132,4565,16,2025-01-24
2025-01-30,Noche,EST-01,Aserrado,480,0,480,12,5034,132,4902,17,2025-01-24
2025-01-30,Mañana,EST-02,Prensado,480,0,480,8,3422,53,3369,3,2025-01-28
2025-01-30,Tarde,EST-02,Prensado,480,33,447,8,3327,69,3258,4,2025-01-28
2025-01-30,Noche,EST-02,Prensado,480,0,480,8,3339,88,3251,5,2025-01-28
2025-01-31,Mañana,EST-01,Aserrado,480,99,381,12,3755,131,3624,18,2025-01-24
2025-01-31,Tarde,EST-01,Aserrado,480,113,367,12,3839,82,3757,19,2025-01-24
2025-01-31,Noche,EST-01,Aserrado,480,77,403,12,4218,165,4053,20,2025-01-24
2025-01-31,Mañana,EST-02,Prensado,480,0,480,8,3514,71,3443,6,2025-01-28
2025-01-31,Tarde,EST-02,Prensado,480,33,447,8,3203,71,3132,7,2025-01-28
2025-01-31,Noche,EST-02,Prensado,480,10,470,8,3326,71,3255,8,2025-01-28
2025-02-01,Mañana,EST-01,Aserrado,480,35,445,12,5050,91,4959,0,2025-01-31
2025-02-01,Tarde,EST-01,Aserrado,480,0,480,12,5020,123,4897,1,2025-01-31
2025-02-01,Noche,EST-01,Aserrado,480,0,480,12,5295,118,5177,2,2025-01-31
2025-02-01,Mañana,EST-02,Prensado,480,0,480,8,3227,80,3147,9,2025-01-28
2025-02-01,Tarde,EST-02,Prensado,480,93,387,8,2705,73,2632,10,2025-01-28
2025-02-01,Noche,EST-02,Prensado,480,27,453,8,3061,96,2965,11,2025-01-28
2025-02-02,Mañana,EST-01,Aserrado,480,74,406,12,4533,142,4391,3,2025-01-31
2025-02-02,Tarde,EST-01,Aserrado,480,71,409,12,4330,143,4187,4,2025-01-31
2025-02-02,Noche,EST-01,Aserrado,480,0,480,12,5280,155,5125,5,2025-01-31
2025-02-02,Mañana,EST-02,Prensado,480,0,480,8,3480,85,3395,12,2025-01-28
2025-02-02,Tarde,EST-02,Prensado,480,133,347,8,2199,66,2133,13,2025-01-28
2025-02-02,Noche,EST-02,Prensado,480,55,425,8,2970,84,2886,14,2025-01-28
2025-02-03,Mañana,EST-01,Aserrado,480,0,480,12,5283,118,5165,6,2025-01-31
2025-02-03,Tarde,EST-01,Aserrado,480,0,480,12,5486,138,5348,7,2025-01-31
2025-02-03,Noche,EST-01,Aserrado,480,0,480,12,5167,90,5077,8,2025-01-31
2025-02-03,Mañana,EST-02,Prensado,480,0,480,8,3358,54,3304,15,2025-01-28
2025-02-03,Tarde,EST-02,Prensado,480,0,480,8,3544,107,3437,16,2025-01-28
2025-02-03,Noche,EST-02,Prensado,480,0,480,8,3438,74,3364,17,2025-01-28
2025-02-04,Mañana,EST-01,Aserrado,480,59,421,12,4457,84,4373,9,2025-01-31
2025-02-04,Tarde,EST-01,Aserrado,480,0,480,12,5018,158,4860,10,2025-01-31
2025-02-04,Noche,EST-01,Aserrado,480,47,433,12,4920,128,4792,11,2025-01-31
2025-02-04,Mañana,EST-02,Prensado,480,21,459,8,3101,110,2991,18,2025-01-28
2025-02-04,Tarde,EST-02,Prensado,480,0,480,8,3292,90,3202,19,2025-01-28
2025-02-04,Noche,EST-02,Prensado,480,89,391,8,2719,122,2597,20,2025-01-28
2025-02-05,Mañana,EST-01,Aserrado,480,29,451,12,4633,201,4432,12,2025-01-31
2025-02-05,Tarde,EST-01,Aserrado,480,0,480,12,5033,88,4945,13,2025-01-31
2025-02-05,Noche,EST-01,Aserrado,480,73,407,12,4234,85,4149,14,2025-01-31
2025-02-05,Mañana,EST-02,Prensado,480,184,296,8,1947,50,1897,21,2025-01-28
2025-02-05,Tarde,EST-02,Prensado,480,37,443,8,3029,90,2939,22,2025-01-28
2025-02-05,Noche,EST-02,Prensado,480,124,356,8,2234,74,2160,23,2025-01-28
2025-02-06,Mañana,EST-01,Aserrado,480,0,480,12,4894,120,4774,0,2025-02-05
2025-02-06,Tarde,EST-01,Aserrado,480,77,403,12,4489,102,4387,1,2025-02-05
2025-02-06,Noche,EST-01,Aserrado,480,0,480,12,5460,149,5311,2,2025-02-05
2025-02-06,Mañana,EST-02,Prensado,480,61,419,8,3061,55,3006,0,2025-02-05
2025-02-06,Tarde,EST-02,Prensado,480,80,400,8,3168,36,3132,1,2025-02-05
2025-02-06,Noche,EST-02,Prensado,480,23,457,8,3470,110,3360,2,2025-02-05
2025-02-07,Mañana,EST-01,Aserrado,480,36,444,12,4721,104,4617,3,2025-02-05
2025-02-07,Tarde,EST-01,Aserrado,480,107,373,12,4065,85,3980,4,2025-02-05
2025-02-07,Noche,EST-01,Aserrado,480,0,480,12,4954,112,4842,5,2025-02-05
2025-02-07,Mañana,EST-02,Prensado,480,0,480,8,3644,88,3556,3,2025-02-05
2025-02-07,Tarde,EST-02,Prensado,480,0,480,8,3573,80,3493,4,2025-02-05
2025-02-07,Noche,EST-02,Prensado,480,0,480,8,3394,80,3314,5,2025-02-05
2025-02-08,Mañana,EST-01,Aserrado,480,0,480,12,5218,131,5087,6,2025-02-05
2025-02-08,Tarde,EST-01,Aserrado,480,0,480,12,5129,82,5047,7,2025-02-05
2025-02-08,Noche,EST-01,Aserrado,480,24,456,12,4943,115,4828,8,2025-02-05
2025-02-08,Mañana,EST-02,Prensado,480,25,455,8,3225,86,3139,6,2025-02-05
2025-02-08,Tarde,EST-02,Prensado,480,44,436,8,3084,74,3010,7,2025-02-05
2025-02-08,Noche,EST-02,Prensado,480,0,480,8,3558,82,3476,8,2025-02-05
2025-02-09,Mañana,EST-01,Aserrado,480,0,480,12,5042,110,4932,9,2025-02-05
2025-02-09,Tarde,EST-01,Aserrado,480,152,328,12,3391,109,3282,10,2025-02-05
2025-02-09,Noche,EST-01,Aserrado,480,0,480,12,4859,111,4748,11,2025-02-05
2025-02-09,Mañana,EST-02,Prensado,480,0,480,8,3599,97,3502,9,2025-02-05
2025-02-09,Tarde,EST-02,Prensado,480,40,440,8,3080,90,2990,10,2025-02-05
2025-02-09,Noche,EST-02,Prensado,480,0,480,8,3478,118,3360,11,2025-02-05
2025-02-10,Mañana,EST-01,Aserrado,480,0,480,12,5190,76,5114,0,2025-02-09
2025-02-10,Tarde,EST-01,Aserrado,480,0,480,12,5702,104,5598,1,2025-02-09
2025-02-10,Noche,EST-01,Aserrado,480,0,480,12,5031,110,4921,2,2025-02-09
2025-02-10,Mañana,EST-02,Prensado,480,49,431,8,3119,100,3019,12,2025-02-05
2025-02-10,Tarde,EST-02,Prensado,480,78,402,8,2859,71,2788,13,2025-02-05
2025-02-10,Noche,EST-02,Prensado,480,30,450,8,3112,114,2998,14,2025-02-05
2025-02-11,Mañana,EST-01,Aserrado,480,0,480,12,5247,113,5134,3,2025-02-09
2025-02-11,Tarde,EST-01,Aserrado,480,0,480,12,5259,103,5156,4,2025-02-09
2025-02-11,Noche,EST-01,Aserrado,480,0,480,12,5345,152,5193,5,2025-02-09
2025-02-11,Mañana,EST-02,Prensado,480,0,480,8,3431,64,3367,0,2025-02-10
2025-02-11,Tarde,EST-02,Prensado,480,0,480,8,3531,76,3455,1,2025-02-10
2025-02-11,Noche,EST-02,Prensado,480,0,480,8,3611,48,3563,2,2025-02-10
2025-02-12,Mañana,EST-01,Aserrado,480,67,413,12,4374,105,4269,6,2025-02-09
2025-02-12,Tarde,EST-01,Aserrado,480,116,364,12,3743,137,3606,7,2025-02-09
2025-02-12,Noche,EST-01,Aserrado,480,101,379,12,4167,133,4034,8,2025-02-09
2025-02-12,Mañana,EST-02,Prensado,480,101,379,8,2828,86,2742,3,2025-02-10
2025-02-12,Tarde,EST-02,Prensado,480,66,414,8,3017,36,2981,4,2025-02-10
2025-02-12,Noche,EST-02,Prensado,480,0,480,8,3593,66,3527,5,2025-02-10
2025-02-13,Mañana,EST-01,Aserrado,480,81,399,12,4340,63,4277,0,2025-02-12
2025-02-13,Tarde,EST-01,Aserrado,480,16,464,12,4911,101,4810,1,2025-02-12
2025-02-13,Noche,EST-01,Aserrado,480,0,480,12,5360,34,5326,2,2025-02-12
2025-02-13,Mañana,EST-02,Prensado,480,0,480,8,3294,57,3237,6,2025-02-10
2025-02-13,Tarde,EST-02,Prensado,480,0,480,8,3384,62,3322,7,2025-02-10
2025-02-13,Noche,EST-02,Prensado,480,0,480,8,3589,61,3528,8,2025-02-10
2025-02-14,Mañana,EST-01,Aserrado,480,0,480,12,5027,110,4917,3,2025-02-12
2025-02-14,Tarde,EST-01,Aserrado,480,30,450,12,4762,152,4610,4,2025-02-12
2025-02-14,Noche,EST-01,Aserrado,480,0,480,12,5035,136,4899,5,2025-02-12
2025-02-14,Mañana,EST-02,Prensado,480,0,480,8,3397,79,3318,9,2025-02-10
2025-02-14,Tarde,EST-02,Prensado,480,35,445,8,3253,110,3143,10,2025-02-10
2025-02-14,Noche,EST-02,Prensado,480,62,418,8,2987,99,2888,11,2025-02-10
2025-02-15,Mañana,EST-01,Aserrado,480,0,480,12,5059,109,4950,6,2025-02-12
2025-02-15,Tarde,EST-01,Aserrado,480,10,470,12,5162,127,5035,7,2025-02-12
2025-02-15,Noche,EST-01,Aserrado,480,0,480,12,5069,177,4892,8,2025-02-12
2025-02-15,Mañana,EST-02,Prensado,480,57,423,8,2981,60,2921,12,2025-02-10
2025-02-15,Tarde,EST-02,Prensado,480,0,480,8,3381,116,3265,13,2025-02-10
2025-02-15,Noche,EST-02,Prensado,480,64,416,8,2923,67,2856,14,2025-02-10
2025-02-16,Mañana,EST-01,Aserrado,480,108,372,12,4013,88,3925,9,2025-02-12
2025-02-16,Tarde,EST-01,Aserrado,480,25,455,12,4980,112,4868,10,2025-02-12
2025-02-16,Noche,EST-01,Aserrado,480,71,409,12,4240,78,4162,11,2025-02-12
2025-02-16,Mañana,EST-02,Prensado,480,0,480,8,3448,73,3375,15,2025-02-10
2025-02-16,Tarde,EST-02,Prensado,480,88,392,8,2688,50,2638,16,2025-02-10
2025-02-16,Noche,EST-02,Prensado,480,0,480,8,3380,91,3289,17,2025-02-10
2025-02-17,Mañana,EST-01,Aserrado,480,153,327,12,3235,112,3123,12,2025-02-12
2025-02-17,Tarde,EST-01,Aserrado,480,55,425,12,4353,124,4229,13,2025-02-12
2025-02-17,Noche,EST-01,Aserrado,480,48,432,12,4536,111,4425,14,2025-02-12
2025-02-17,Mañana,EST-02,Prensado,480,0,480,8,3336,109,3227,18,2025-02-10
2025-02-17,Tarde,EST-02,Prensado,480,0,480,8,3116,80,3036,19,2025-02-10
2025-02-17,Noche,EST-02,Prensado,480,190,290,8,2022,65,1957,20,2025-02-10
2025-02-18,Mañana,EST-01,Aserrado,480,97,383,12,4257,101,4156,0,2025-02-17
2025-02-18,Tarde,EST-01,Aserrado,480,0,480,12,5315,167,5148,1,2025-02-17
2025-02-18,Noche,EST-01,Aserrado,480,0,480,12,5199,117,5082,2,2025-02-17
2025-02-18,Mañana,EST-02,Prensado,480,43,437,8,3206,90,3116,0,2025-02-17
2025-02-18,Tarde,EST-02,Prensado,480,93,387,8,2805,59,2746,1,2025-02-17
2025-02-18,Noche,EST-02,Prensado,480,80,400,8,2982,67,2915,2,2025-02-17
2025-02-19,Mañana,EST-01,Aserrado,480,0,480,12,5472,134,5338,3,2025-02-17
2025-02-19,Tarde,EST-01,Aserrado,480,42,438,12,4638,123,4515,4,2025-02-17
2025-02-19,Noche,EST-01,Aserrado,480,0,480,12,5300,135,5165,5,2025-02-17
2025-02-19,Mañana,EST-02,Prensado,480,13,467,8,3208,69,3139,3,2025-02-17
2025-02-19,Tarde,EST-02,Prensado,480,105,375,8,2634,58,2576,4,2025-02-17
2025-02-19,Noche,EST-02,Prensado,480,0,480,8,3381,66,3315,5,2025-02-17
2025-02-20,Mañana,EST-01,Aserrado,480,0,480,12,5116,128,4988,6,2025-02-17
2025-02-20,Tarde,EST-01,Aserrado,480,52,428,12,4891,93,4798,7,2025-02-17
2025-02-20,Noche,EST-01,Aserrado,480,91,389,12,4074,99,3975,8,2025-02-17
2025-02-20,Mañana,EST-02,Prensado,480,73,407,8,3150,76,3074,6,2025-02-17
2025-02-20,Tarde,EST-02,Prensado,480,0,480,8,3331,77,3254,7,2025-02-17
2025-02-20,Noche,EST-02,Prensado,480,0,480,8,3280,94,3186,8,2025-02-17
2025-02-21,Mañana,EST-01,Aserrado,480,127,353,12,3772,142,3630,9,2025-02-17
2025-02-21,Tarde,EST-01,Aserrado,480,0,480,12,5313,147,5166,10,2025-02-17
2025-02-21,Noche,EST-01,Aserrado,480,37,443,12,4841,186,4655,11,2025-02-17
2025-02-21,Mañana,EST-02,Prensado,480,39,441,8,3246,81,3165,9,2025-02-17
2025-02-21,Tarde,EST-02,Prensado,480,0,480,8,3559,89,3470,10,2025-02-17
2025-02-21,Noche,EST-02,Prensado,480,17,463,8,3538,142,3396,11,2025-02-17
2025-02-22,Mañana,EST-01,Aserrado,480,72,408,12,4464,218,4246,12,2025-02-17
2025-02-22,Tarde,EST-01,Aserrado,480,45,435,12,4530,173,4357,13,2025-02-17
2025-02-22,Noche,EST-01,Aserrado,480,0,480,12,5200,147,5053,14,2025-02-17
2025-02-22,Mañana,EST-02,Prensado,480,0,480,8,3441,127,3314,12,2025-02-17
2025-02-22,Tarde,EST-02,Prensado,480,0,480,8,3108,90,3018,13,2025-02-17
2025-02-22,Noche,EST-02,Prensado,480,0,480,8,3192,90,3102,14,2025-02-17
2025-02-23,Mañana,EST-01,Aserrado,480,42,438,12,4732,165,4567,15,2025-02-17
2025-02-23,Tarde,EST-01,Aserrado,480,41,439,12,4484,159,4325,16,2025-02-17
2025-02-23,Noche,EST-01,Aserrado,480,0,480,12,4800,84,4716,17,2025-02-17
2025-02-23,Mañana,EST-02,Prensado,480,0,480,8,3245,83,3162,15,2025-02-17
2025-02-23,Tarde,EST-02,Prensado,480,0,480,8,3246,103,3143,16,2025-02-17
2025-02-23,Noche,EST-02,Prensado,480,94,386,8,2730,68,2662,17,2025-02-17
2025-02-24,Mañana,EST-01,Aserrado,480,0,480,12,4898,158,4740,18,2025-02-17
2025-02-24,Tarde,EST-01,Aserrado,480,0,480,12,4632,152,4480,19,2025-02-17
2025-02-24,Noche,EST-01,Aserrado,480,207,273,12,2754,90,2664,20,2025-02-17
2025-02-24,Mañana,EST-02,Prensado,480,0,480,8,3225,66,3159,18,2025-02-17
2025-02-24,Tarde,EST-02,Prensado,480,131,349,8,2266,50,2216,19,2025-02-17
2025-02-24,Noche,EST-02,Prensado,480,0,480,8,3034,62,2972,20,2025-02-17
2025-02-25,Mañana,EST-01,Aserrado,480,75,405,12,4387,87,4300,0,2025-02-24
2025-02-25,Tarde,EST-01,Aserrado,480,56,424,12,4519,115,4404,1,2025-02-24
2025-02-25,Noche,EST-01,Aserrado,480,25,455,12,4831,167,4664,2,2025-02-24
2025-02-25,Mañana,EST-02,Prensado,480,64,416,8,2798,79,2719,21,2025-02-17
2025-02-25,Tarde,EST-02,Prensado,480,0,480,8,3209,69,3140,22,2025-02-17
2025-02-25,Noche,EST-02,Prensado,480,88,392,8,2602,71,2531,23,2025-02-17
2025-02-26,Mañana,EST-01,Aserrado,480,60,420,12,4640,113,4527,3,2025-02-24
2025-02-26,Tarde,EST-01,Aserrado,480,0,480,12,5181,161,5020,4,2025-02-24
2025-02-26,Noche,EST-01,Aserrado,480,27,453,12,4937,132,4805,5,2025-02-24
2025-02-26,Mañana,EST-02,Prensado,480,0,480,8,3175,113,3062,24,2025-02-17
2025-02-26,Tarde,EST-02,Prensado,480,0,480,8,3181,122,3059,25,2025-02-17
2025-02-26,Noche,EST-02,Prensado,480,82,398,8,2826,98,2728,26,2025-02-17
2025-02-27,Mañana,EST-01,Aserrado,480,71,409,12,4445,89,4356,6,2025-02-24
2025-02-27,Tarde,EST-01,Aserrado,480,0,480,12,5486,123,5363,7,2025-02-24
2025-02-27,Noche,EST-01,Aserrado,480,46,434,12,4581,182,4399,8,2025-02-24
2025-02-27,Mañana,EST-02,Prensado,480,107,373,8,2426,61,2365,27,2025-02-17
2025-02-27,Tarde,EST-02,Prensado,480,0,480,8,3300,111,3189,28,2025-02-17
2025-02-27,Noche,EST-02,Prensado,480,93,387,8,2568,108,2460,29,2025-02-17
2025-02-28,Mañana,EST-01,Aserrado,480,0,480,12,5401,142,5259,9,2025-02-24
2025-02-28,Tarde,EST-01,Aserrado,480,0,480,12,5161,140,5021,10,2025-02-24
2025-02-28,Noche,EST-01,Aserrado,480,29,451,12,4830,121,4709,11,2025-02-24
2025-02-28,Mañana,EST-02,Prensado,480,0,480,8,3418,84,3334,0,2025-02-27
2025-02-28,Tarde,EST-02,Prensado,480,0,480,8,3683,81,3602,1,2025-02-27
2025-02-28,Noche,EST-02,Prensado,480,0,480,8,3324,56,3268,2,2025-02-27
2025-03-01,Mañana,EST-01,Aserrado,480,33,447,12,4727,127,4600,12,2025-02-24
2025-03-01,Tarde,EST-01,Aserrado,480,101,379,12,3779,115,3664,13,2025-02-24
2025-03-01,Noche,EST-01,Aserrado,480,0,480,12,5218,120,5098,14,2025-02-24
2025-03-01,Mañana,EST-02,Prensado,480,0,480,8,3480,98,3382,3,2025-02-27
2025-03-01,Tarde,EST-02,Prensado,480,94,386,8,2804,77,2727,4,2025-02-27
2025-03-01,Noche,EST-02,Prensado,480,30,450,8,3329,65,3264,5,2025-02-27
2025-03-02,Mañana,EST-01,Aserrado,480,0,480,12,5012,178,4834,15,2025-02-24
2025-03-02,Tarde,EST-01,Aserrado,480,76,404,12,4414,105,4309,16,2025-02-24
2025-03-02,Noche,EST-01,Aserrado,480,65,415,12,4394,103,4291,17,2025-02-24
2025-03-02,Mañana,EST-02,Prensado,480,0,480,8,3417,73,3344,6,2025-02-27
2025-03-02,Tarde,EST-02,Prensado,480,91,389,8,2775,70,2705,7,2025-02-27
2025-03-02,Noche,EST-02,Prensado,480,0,480,8,3415,98,3317,8,2025-02-27
2025-03-03,Mañana,EST-01,Aserrado,480,113,367,12,3561,80,3481,18,2025-02-24
2025-03-03,Tarde,EST-01,Aserrado,480,50,430,12,4529,136,4393,19,2025-02-24
2025-03-03,Noche,EST-01,Aserrado,480,117,363,12,3773,109,3664,20,2025-02-24
2025-03-03,Mañana,EST-02,Prensado,480,65,415,8,2851,67,2784,9,2025-02-27
2025-03-03,Tarde,EST-02,Prensado,480,34,446,8,3313,54,3259,10,2025-02-27
2025-03-03,Noche,EST-02,Prensado,480,0,480,8,3618,69,3549,11,2025-02-27
2025-03-04,Mañana,EST-01,Aserrado,480,0,480,12,4773,139,4634,21,2025-02-24
2025-03-04,Tarde,EST-01,Aserrado,480,106,374,12,3970,146,3824,22,2025-02-24
2025-03-04,Noche,EST-01,Aserrado,480,234,246,12,2368,99,2269,23,2025-02-24
2025-03-04,Mañana,EST-02,Prensado,480,65,415,8,2773,64,2709,12,2025-02-27
2025-03-04,Tarde,EST-02,Prensado,480,0,480,8,3478,105,3373,13,2025-02-27
2025-03-04,Noche,EST-02,Prensado,480,0,480,8,3675,109,3566,14,2025-02-27
2025-03-05,Mañana,EST-01,Aserrado,480,0,480,12,5483,120,5363,0,2025-03-04
2025-03-05,Tarde,EST-01,Aserrado,480,0,480,12,5537,110,5427,1,2025-03-04
2025-03-05,Noche,EST-01,Aserrado,480,0,480,12,5361,105,5256,2,2025-03-04
2025-03-05,Mañana,EST-02,Prensado,480,27,453,8,3077,117,2960,15,2025-02-27
2025-03-05,Tarde,EST-02,Prensado,480,49,431,8,2941,76,2865,16,2025-02-27
2025-03-05,Noche,EST-02,Prensado,480,43,437,8,3116,101,3015,17,2025-02-27
2025-03-06,Mañana,EST-01,Aserrado,480,61,419,12,4858,151,4707,3,2025-03-04
2025-03-06,Tarde,EST-01,Aserrado,480,0,480,12,5058,123,4935,4,2025-03-04
2025-03-06,Noche,EST-01,Aserrado,480,0,480,12,5183,145,5038,5,2025-03-04
2025-03-06,Mañana,EST-02,Prensado,480,22,458,8,3104,102,3002,18,2025-02-27
2025-03-06,Tarde,EST-02,Prensado,480,84,396,8,2883,84,2799,19,2025-02-27
2025-03-06,Noche,EST-02,Prensado,480,67,413,8,3144,108,3036,20,2025-02-27
2025-03-07,Mañana,EST-01,Aserrado,480,112,368,12,3840,51,3789,6,2025-03-04
2025-03-07,Tarde,EST-01,Aserrado,480,76,404,12,4416,110,4306,7,2025-03-04
2025-03-07,Noche,EST-01,Aserrado,480,0,480,12,5249,129,5120,8,2025-03-04
2025-03-07,Mañana,EST-02,Prensado,480,30,450,8,3240,45,3195,0,2025-03-06
2025-03-07,Tarde,EST-02,Prensado,480,0,480,8,3359,86,3273,1,2025-03-06
2025-03-07,Noche,EST-02,Prensado,480,0,480,8,3371,79,3292,2,2025-03-06
2025-03-08,Mañana,EST-01,Aserrado,480,0,480,12,5415,182,5233,9,2025-03-04
2025-03-08,Tarde,EST-01,Aserrado,480,70,410,12,4278,126,4152,10,2025-03-04
2025-03-08,Noche,EST-01,Aserrado,480,0,480,12,5259,165,5094,11,2025-03-04
2025-03-08,Mañana,EST-02,Prensado,480,0,480,8,3452,61,3391,3,2025-03-06
2025-03-08,Tarde,EST-02,Prensado,480,64,416,8,3181,108,3073,4,2025-03-06
2025-03-08,Noche,EST-02,Prensado,480,0,480,8,3437,34,3403,5,2025-03-06
2025-03-09,Mañana,EST-01,Aserrado,480,0,480,12,5428,106,5322,12,2025-03-04
2025-03-09,Tarde,EST-01,Aserrado,480,73,407,12,4509,104,4405,13,2025-03-04
2025-03-09,Noche,EST-01,Aserrado,480,24,456,12,4823,186,4637,14,2025-03-04
2025-03-09,Mañana,EST-02,Prensado,480,0,480,8,3728,84,3644,6,2025-03-06
2025-03-09,Tarde,EST-02,Prensado,480,38,442,8,3329,81,3248,7,2025-03-06
2025-03-09,Noche,EST-02,Prensado,480,70,410,8,3174,68,3106,8,2025-03-06
2025-03-10,Mañana,EST-01,Aserrado,480,103,377,12,4051,151,3900,15,2025-03-04
2025-03-10,Tarde,EST-01,Aserrado,480,0,480,12,4975,157,4818,16,2025-03-04
2025-03-10,Noche,EST-01,Aserrado,480,47,433,12,4426,112,4314,17,2025-03-04
2025-03-10,Mañana,EST-02,Prensado,480,0,480,8,3602,95,3507,9,2025-03-06
2025-03-10,Tarde,EST-02,Prensado,480,52,428,8,2960,78,2882,10,2025-03-06
2025-03-10,Noche,EST-02,Prensado,480,0,480,8,3462,90,3372,11,2025-03-06
2025-03-11,Mañana,EST-01,Aserrado,480,59,421,12,4512,79,4433,0,2025-03-10
2025-03-11,Tarde,EST-01,Aserrado,480,120,360,12,4090,64,4026,1,2025-03-10
2025-03-11,Noche,EST-01,Aserrado,480,23,457,12,4934,136,4798,2,2025-03-10
2025-03-11,Mañana,EST-02,Prensado,480,79,401,8,2836,77,2759,12,2025-03-06
2025-03-11,Tarde,EST-02,Prensado,480,112,368,8,2661,113,2548,13,2025-03-06
2025-03-11,Noche,EST-02,Prensado,480,54,426,8,2878,81,2797,14,2025-03-06
2025-03-12,Mañana,EST-01,Aserrado,480,20,460,12,5054,133,4921,3,2025-03-10
2025-03-12,Tarde,EST-01,Aserrado,480,0,480,12,5034,144,4890,4,2025-03-10
2025-03-12,Noche,EST-01,Aserrado,480,66,414,12,4652,103,4549,5,2025-03-10
2025-03-12,Mañana,EST-02,Prensado,480,103,377,8,2785,87,2698,15,2025-03-06
2025-03-12,Tarde,EST-02,Prensado,480,118,362,8,2554,73,2481,16,2025-03-06
2025-03-12,Noche,EST-02,Prensado,480,32,448,8,3036,122,2914,17,2025-03-06
2025-03-13,Mañana,EST-01,Aserrado,480,67,413,12,4717,154,4563,0,2025-03-12
2025-03-13,Tarde,EST-01,Aserrado,480,74,406,12,4409,142,4267,1,2025-03-12
2025-03-13,Noche,EST-01,Aserrado,480,0,480,12,5107,117,4990,2,2025-03-12
2025-03-13,Mañana,EST-02,Prensado,480,97,383,8,2648,84,2564,18,2025-03-06
2025-03-13,Tarde,EST-02,Prensado,480,0,480,8,3242,80,3162,19,2025-03-06
2025-03-13,Noche,EST-02,Prensado,480,72,408,8,2883,61,2822,20,2025-03-06
2025-03-14,Mañana,EST-01,Aserrado,480,180,300,12,3354,82,3272,3,2025-03-12
2025-03-14,Tarde,EST-01,Aserrado,480,24,456,12,4833,156,4677,4,2025-03-12
2025-03-14,Noche,EST-01,Aserrado,480,44,436,12,4669,138,4531,5,2025-03-12
2025-03-14,Mañana,EST-02,Prensado,480,39,441,8,3296,71,3225,0,2025-03-13
2025-03-14,Tarde,EST-02,Prensado,480,36,444,8,3365,76,3289,1,2025-03-13
2025-03-14,Noche,EST-02,Prensado,480,0,480,8,3519,44,3475,2,2025-03-13
2025-03-15,Mañana,EST-01,Aserrado,480,20,460,12,5080,130,4950,6,2025-03-12
2025-03-15,Tarde,EST-01,Aserrado,480,100,380,12,4249,158,4091,7,2025-03-12
2025-03-15,Noche,EST-01,Aserrado,480,147,333,12,3620,107,3513,8,2025-03-12
2025-03-15,Mañana,EST-02,Prensado,480,0,480,8,3609,70,3539,3,2025-03-13
2025-03-15,Tarde,EST-02,Prensado,480,28,452,8,3164,74,3090,4,2025-03-13
2025-03-15,Noche,EST-02,Prensado,480,17,463,8,3317,61,3256,5,2025-03-13
2025-03-16,Mañana,EST-01,Aserrado,480,26,454,12,5169,48,5121,0,2025-03-15
2025-03-16,Tarde,EST-01,Aserrado,480,0,480,12,5507,92,5415,1,2025-03-15
2025-03-16,Noche,EST-01,Aserrado,480,0,480,12,5227,117,5110,2,2025-03-15
2025-03-16,Mañana,EST-02,Prensado,480,28,452,8,3255,67,3188,6,2025-03-13
2025-03-16,Tarde,EST-02,Prensado,480,86,394,8,2882,74,2808,7,2025-03-13
2025-03-16,Noche,EST-02,Prensado,480,112,368,8,2622,64,2558,8,2025-03-13
2025-03-17,Mañana,EST-01,Aserrado,480,37,443,12,4586,91,4495,3,2025-03-15
2025-03-17,Tarde,EST-01,Aserrado,480,37,443,12,4837,138,4699,4,2025-03-15
2025-03-17,Noche,EST-01,Aserrado,480,34,446,12,4798,102,4696,5,2025-03-15
2025-03-17,Mañana,EST-02,Prensado,480,92,388,8,2844,48,2796,9,2025-03-13
2025-03-17,Tarde,EST-02,Prensado,480,0,480,8,3425,92,3333,10,2025-03-13
2025-03-17,Noche,EST-02,Prensado,480,0,480,8,3551,81,3470,11,2025-03-13
2025-03-18,Mañana,EST-01,Aserrado,480,35,445,12,4894,130,4764,6,2025-03-15
2025-03-18,Tarde,EST-01,Aserrado,480,0,480,12,4912,79,4833,7,2025-03-15
2025-03-18,Noche,EST-01,Aserrado,480,15,465,12,4953,173,4780,8,2025-03-15
2025-03-18,Mañana,EST-02,Prensado,480,11,469,8,3449,60,3389,0,2025-03-17
2025-03-18,Tarde,EST-02,Prensado,480,0,480,8,3400,79,3321,1,2025-03-17
2025-03-18,Noche,EST-02,Prensado,480,0,480,8,3555,89,3466,2,2025-03-17
2025-03-19,Mañana,EST-01,Aserrado,480,0,480,12,5432,146,5286,9,2025-03-15
2025-03-19,Tarde,EST-01,Aserrado,480,87,393,12,4146,80,4066,10,2025-03-15
2025-03-19,Noche,EST-01,Aserrado,480,0,480,12,5110,127,4983,11,2025-03-15
2025-03-19,Mañana,EST-02,Prensado,480,0,480,8,3558,109,3449,3,2025-03-17
2025-03-19,Tarde,EST-02,Prensado,480,0,480,8,3339,82,3257,4,2025-03-17
2025-03-19,Noche,EST-02,Prensado,480,0,480,8,3480,79,3401,5,2025-03-17
2025-03-20,Mañana,EST-01,Aserrado,480,41,439,12,4571,163,4408,12,2025-03-15
2025-03-20,Tarde,EST-01,Aserrado,480,0,480,12,4928,136,4792,13,2025-03-15
2025-03-20,Noche,EST-01,Aserrado,480,0,480,12,4830,97,4733,14,2025-03-15
2025-03-20,Mañana,EST-02,Prensado,480,0,480,8,3571,54,3517,6,2025-03-17
2025-03-20,Tarde,EST-02,Prensado,480,0,480,8,3205,71,3134,7,2025-03-17
2025-03-20,Noche,EST-02,Prensado,480,0,480,8,3591,101,3490,8,2025-03-17
2025-03-21,Mañana,EST-01,Aserrado,480,0,480,12,4830,109,4721,15,2025-03-15
2025-03-21,Tarde,EST-01,Aserrado,480,0,480,12,5209,139,5070,16,2025-03-15
2025-03-21,Noche,EST-01,Aserrado,480,0,480,12,5033,184,4849,17,2025-03-15
2025-03-21,Mañana,EST-02,Prensado,480,0,480,8,3268,69,3199,9,2025-03-17
2025-03-21,Tarde,EST-02,Prensado,480,0,480,8,3469,85,3384,10,2025-03-17
2025-03-21,Noche,EST-02,Prensado,480,25,455,8,3128,104,3024,11,2025-03-17
2025-03-22,Mañana,EST-01,Aserrado,480,0,480,12,4955,176,4779,18,2025-03-15
2025-03-22,Tarde,EST-01,Aserrado,480,34,446,12,4757,120,4637,19,2025-03-15
2025-03-22,Noche,EST-01,Aserrado,480,0,480,12,4841,184,4657,20,2025-03-15
2025-03-22,Mañana,EST-02,Prensado,480,91,389,8,2591,79,2512,12,2025-03-17
2025-03-22,Tarde,EST-02,Prensado,480,108,372,8,2509,64,2445,13,2025-03-17
2025-03-22,Noche,EST-02,Prensado,480,102,378,8,2732,83,2649,14,2025-03-17
2025-03-23,Mañana,EST-01,Aserrado,480,158,322,12,3333,110,3223,21,2025-03-15
2025-03-23,Tarde,EST-01,Aserrado,480,45,435,12,4776,123,4653,22,2025-03-15
2025-03-23,Noche,EST-01,Aserrado,480,0,480,12,5212,175,5037,23,2025-03-15
2025-03-23,Mañana,EST-02,Prensado,480,62,418,8,3216,79,3137,0,2025-03-22
2025-03-23,Tarde,EST-02,Prensado,480,0,480,8,3331,92,3239,1,2025-03-22
2025-03-23,Noche,EST-02,Prensado,480,0,480,8,3456,40,3416,2,2025-03-22
2025-03-24,Mañana,EST-01,Aserrado,480,25,455,12,4527,124,4403,24,2025-03-15
2025-03-24,Tarde,EST-01,Aserrado,480,0,480,12,5079,181,4898,25,2025-03-15
2025-03-24,Noche,EST-01,Aserrado,480,0,480,12,4626,146,4480,26,2025-03-15
2025-03-24,Mañana,EST-02,Prensado,480,0,480,8,3487,63,3424,3,2025-03-22
2025-03-24,Tarde,EST-02,Prensado,480,0,480,8,3492,101,3391,4,2025-03-22
2025-03-24,Noche,EST-02,Prensado,480,0,480,8,3448,110,3338,5,2025-03-22
2025-03-25,Mañana,EST-01,Aserrado,480,0,480,12,4887,159,4728,27,2025-03-15
2025-03-25,Tarde,EST-01,Aserrado,480,0,480,12,4899,179,4720,28,2025-03-15
2025-03-25,Noche,EST-01,Aserrado,480,170,310,12,3107,97,3010,29,2025-03-15
2025-03-25,Mañana,EST-02,Prensado,480,0,480,8,3512,126,3386,6,2025-03-22
2025-03-25,Tarde,EST-02,Prensado,480,22,458,8,3434,101,3333,7,2025-03-22
2025-03-25,Noche,EST-02,Prensado,480,56,424,8,2963,59,2904,8,2025-03-22
2025-03-26,Mañana,EST-01,Aserrado,480,31,449,12,4911,158,4753,0,2025-03-25
2025-03-26,Tarde,EST-01,Aserrado,480,39,441,12,4923,112,4811,1,2025-03-25
2025-03-26,Noche,EST-01,Aserrado,480,0,480,12,5247,146,5101,2,2025-03-25
2025-03-26,Mañana,EST-02,Prensado,480,40,440,8,3217,124,3093,9,2025-03-22
2025-03-26,Tarde,EST-02,Prensado,480,26,454,8,3180,54,3126,10,2025-03-22
2025-03-26,Noche,EST-02,Prensado,480,0,480,8,3214,96,3118,11,2025-03-22
2025-03-27,Mañana,EST-01,Aserrado,480,71,409,12,4582,93,4489,3,2025-03-25
2025-03-27,Tarde,EST-01,Aserrado,480,0,480,12,5298,69,5229,4,2025-03-25
2025-03-27,Noche,EST-01,Aserrado,480,0,480,12,5414,146,5268,5,2025-03-25
2025-03-27,Mañana,EST-02,Prensado,480,94,386,8,2830,60,2770,12,2025-03-22
2025-03-27,Tarde,EST-02,Prensado,480,0,480,8,3169,69,3100,13,2025-03-22
2025-03-27,Noche,EST-02,Prensado,480,140,340,8,2347,81,2266,14,2025-03-22
2025-03-28,Mañana,EST-01,Aserrado,480,33,447,12,4668,126,4542,6,2025-03-25
2025-03-28,Tarde,EST-01,Aserrado,480,71,409,12,4025,77,3948,7,2025-03-25
2025-03-28,Noche,EST-01,Aserrado,480,19,461,12,4869,159,4710,8,2025-03-25
2025-03-28,Mañana,EST-02,Prensado,480,0,480,8,3325,107,3218,15,2025-03-22
2025-03-28,Tarde,EST-02,Prensado,480,0,480,8,3446,100,3346,16,2025-03-22
2025-03-28,Noche,EST-02,Prensado,480,0,480,8,3247,115,3132,17,2025-03-22
2025-03-29,Mañana,EST-01,Aserrado,480,0,480,12,5060,98,4962,0,2025-03-28
2025-03-29,Tarde,EST-01,Aserrado,480,81,399,12,4515,74,4441,1,2025-03-28
2025-03-29,Noche,EST-01,Aserrado,480,70,410,12,4220,64,4156,2,2025-03-28
2025-03-29,Mañana,EST-02,Prensado,480,0,480,8,3189,118,3071,18,2025-03-22
2025-03-29,Tarde,EST-02,Prensado,480,11,469,8,3239,78,3161,19,2025-03-22
2025-03-29,Noche,EST-02,Prensado,480,59,421,8,2782,87,2695,20,2025-03-22
2025-03-30,Mañana,EST-01,Aserrado,480,71,409,12,4359,138,4221,3,2025-03-28
2025-03-30,Tarde,EST-01,Aserrado,480,0,480,12,4985,51,4934,4,2025-03-28
2025-03-30,Noche,EST-01,Aserrado,480,63,417,12,4576,117,4459,5,2025-03-28
2025-03-30,Mañana,EST-02,Prensado,480,71,409,8,2701,68,2633,21,2025-03-22
2025-03-30,Tarde,EST-02,Prensado,480,0,480,8,3021,89,2932,22,2025-03-22
2025-03-30,Noche,EST-02,Prensado,480,65,415,8,2793,72,2721,23,2025-03-22
2025-03-31,Mañana,EST-01,Aserrado,480,20,460,12,4853,85,4768,6,2025-03-28
2025-03-31,Tarde,EST-01,Aserrado,480,0,480,12,5385,139,5246,7,2025-03-28
2025-03-31,Noche,EST-01,Aserrado,480,0,480,12,5195,142,5053,8,2025-03-28
2025-03-31,Mañana,EST-02,Prensado,480,0,480,8,3251,92,3159,24,2025-03-22
2025-03-31,Tarde,EST-02,Prensado,480,0,480,8,3014,86,2928,25,2025-03-22
2025-03-31,Noche,EST-02,Prensado,480,0,480,8,3292,101,3191,26,2025-03-22
2025-04-01,Mañana,EST-01,Aserrado,480,0,480,12,4964,82,4882,9,2025-03-28
2025-04-01,Tarde,EST-01,Aserrado,480,0,480,12,5180,122,5058,10,2025-03-28
2025-04-01,Noche,EST-01,Aserrado,480,71,409,12,4152,89,4063,11,2025-03-28
2025-04-01,Mañana,EST-02,Prensado,480,0,480,8,3254,92,3162,27,2025-03-22
2025-04-01,Tarde,EST-02,Prensado,480,82,398,8,2599,72,2527,28,2025-03-22
2025-04-01,Noche,EST-02,Prensado,480,40,440,8,2898,106,2792,29,2025-03-22
2025-04-02,Mañana,EST-01,Aserrado,480,20,460,12,5164,138,5026,12,2025-03-28
2025-04-02,Tarde,EST-01,Aserrado,480,0,480,12,5108,144,4964,13,2025-03-28
2025-04-02,Noche,EST-01,Aserrado,480,0,480,12,5166,135,5031,14,2025-03-28
2025-04-02,Mañana,EST-02,Prensado,480,0,480,8,3103,111,2992,30,2025-03-22
2025-04-02,Tarde,EST-02,Prensado,480,0,480,8,3158,111,3047,31,2025-03-22
2025-04-02,Noche,EST-02,Prensado,480,0,480,8,3143,114,3029,32,2025-03-22
2025-04-03,Mañana,EST-01,Aserrado,480,27,453,12,4897,152,4745,15,2025-03-28
2025-04-03,Tarde,EST-01,Aserrado,480,67,413,12,4348,174,4174,16,2025-03-28
2025-04-03,Noche,EST-01,Aserrado,480,88,392,12,4065,144,3921,17,2025-03-28
2025-04-03,Mañana,EST-02,Prensado,480,0,480,8,3280,133,3147,33,2025-03-22
2025-04-03,Tarde,EST-02,Prensado,480,0,480,8,2943,102,2841,34,2025-03-22
2025-04-03,Noche,EST-02,Prensado,480,185,295,8,1962,101,1861,35,2025-03-22
2025-04-04,Mañana,EST-01,Aserrado,480,118,362,12,3863,103,3760,18,2025-03-28
2025-04-04,Tarde,EST-01,Aserrado,480,87,393,12,4147,105,4042,19,2025-03-28
2025-04-04,Noche,EST-01,Aserrado,480,0,480,12,4842,162,4680,20,2025-03-28
2025-04-04,Mañana,EST-02,Prensado,480,73,407,8,2900,72,2828,0,2025-04-03
2025-04-04,Tarde,EST-02,Prensado,480,53,427,8,3274,70,3204,1,2025-04-03
2025-04-04,Noche,EST-02,Prensado,480,76,404,8,2917,81,2836,2,2025-04-03
2025-04-05,Mañana,EST-01,Aserrado,480,0,480,12,4867,183,4684,21,2025-03-28
2025-04-05,Tarde,EST-01,Aserrado,480,0,480,12,5150,186,4964,22,2025-03-28
2025-04-05,Noche,EST-01,Aserrado,480,37,443,12,4487,148,4339,23,2025-03-28
2025-04-05,Mañana,EST-02,Prensado,480,0,480,8,3568,78,3490,3,2025-04-03
2025-04-05,Tarde,EST-02,Prensado,480,0,480,8,3533,83,3450,4,2025-04-03
2025-04-05,Noche,EST-02,Prensado,480,40,440,8,3182,77,3105,5,2025-04-03
2025-04-06,Mañana,EST-01,Aserrado,480,55,425,12,4450,155,4295,24,2025-03-28
2025-04-06,Tarde,EST-01,Aserrado,480,96,384,12,3937,112,3825,25,2025-03-28
2025-04-06,Noche,EST-01,Aserrado,480,118,362,12,3773,145,3628,26,2025-03-28
2025-04-06,Mañana,EST-02,Prensado,480,0,480,8,3469,103,3366,6,2025-04-03
2025-04-06,Tarde,EST-02,Prensado,480,0,480,8,3514,140,3374,7,2025-04-03
2025-04-06,Noche,EST-02,Prensado,480,89,391,8,2887,86,2801,8,2025-04-03
2025-04-07,Mañana,EST-01,Aserrado,480,161,319,12,3237,139,3098,27,2025-03-28
2025-04-07,Tarde,EST-01,Aserrado,480,15,465,12,4538,204,4334,28,2025-03-28
2025-04-07,Noche,EST-01,Aserrado,480,122,358,12,3522,130,3392,29,2025-03-28
2025-04-07,Mañana,EST-02,Prensado,480,0,480,8,3386,87,3299,9,2025-04-03
2025-04-07,Tarde,EST-02,Prensado,480,0,480,8,3362,70,3292,10,2025-04-03
2025-04-07,Noche,EST-02,Prensado,480,18,462,8,3322,148,3174,11,2025-04-03
2025-04-08,Mañana,EST-01,Aserrado,480,135,345,12,3983,68,3915,0,2025-04-07
2025-04-08,Tarde,EST-01,Aserrado,480,0,480,12,5164,102,5062,1,2025-04-07
2025-04-08,Noche,EST-01,Aserrado,480,0,480,12,5277,122,5155,2,2025-04-07
2025-04-08,Mañana,EST-02,Prensado,480,28,452,8,3118,71,3047,12,2025-04-03
2025-04-08,Tarde,EST-02,Prensado,480,43,437,8,3114,83,3031,13,2025-04-03
2025-04-08,Noche,EST-02,Prensado,480,70,410,8,2826,62,2764,14,2025-04-03
2025-04-09,Mañana,EST-01,Aserrado,480,0,480,12,5170,138,5032,3,2025-04-07
2025-04-09,Tarde,EST-01,Aserrado,480,0,480,12,5494,148,5346,4,2025-04-07
2025-04-09,Noche,EST-01,Aserrado,480,56,424,12,4566,56,4510,5,2025-04-07
2025-04-09,Mañana,EST-02,Prensado,480,0,480,8,3429,29,3400,0,2025-04-08
2025-04-09,Tarde,EST-02,Prensado,480,0,480,8,3352,51,3301,1,2025-04-08
2025-04-09,Noche,EST-02,Prensado,480,0,480,8,3550,80,3470,2,2025-04-08
2025-04-10,Mañana,EST-01,Aserrado,480,56,424,12,4568,121,4447,6,2025-04-07
2025-04-10,Tarde,EST-01,Aserrado,480,0,480,12,4797,76,4721,7,2025-04-07
2025-04-10,Noche,EST-01,Aserrado,480,0,480,12,5243,107,5136,8,2025-04-07
2025-04-10,Mañana,EST-02,Prensado,480,0,480,8,3682,82,3600,3,2025-04-08
2025-04-10,Tarde,EST-02,Prensado,480,0,480,8,3494,68,3426,4,2025-04-08
2025-04-10,Noche,EST-02,Prensado,480,0,480,8,3653,80,3573,5,2025-04-08
2025-04-11,Mañana,EST-01,Aserrado,480,0,480,12,5390,128,5262,9,2025-04-07
2025-04-11,Tarde,EST-01,Aserrado,480,0,480,12,5180,139,5041,10,2025-04-07
2025-04-11,Noche,EST-01,Aserrado,480,0,480,12,4935,143,4792,11,2025-04-07
2025-04-11,Mañana,EST-02,Prensado,480,0,480,8,3272,83,3189,6,2025-04-08
2025-04-11,Tarde,EST-02,Prensado,480,50,430,8,2948,84,2864,7,2025-04-08
2025-04-11,Noche,EST-02,Prensado,480,22,458,8,3164,82,3082,8,2025-04-08
2025-04-12,Mañana,EST-01,Aserrado,480,67,413,12,4441,128,4313,12,2025-04-07
2025-04-12,Tarde,EST-01,Aserrado,480,0,480,12,5140,134,5006,13,2025-04-07
2025-04-12,Noche,EST-01,Aserrado,480,88,392,12,4085,159,3926,14,2025-04-07
2025-04-12,Mañana,EST-02,Prensado,480,35,445,8,3233,83,3150,9,2025-04-08
2025-04-12,Tarde,EST-02,Prensado,480,0,480,8,3467,90,3377,10,2025-04-08
2025-04-12,Noche,EST-02,Prensado,480,0,480,8,3369,115,3254,11,2025-04-08
2025-04-13,Mañana,EST-01,Aserrado,480,0,480,12,4957,82,4875,15,2025-04-07
2025-04-13,Tarde,EST-01,Aserrado,480,0,480,12,5160,126,5034,16,2025-04-07
2025-04-13,Noche,EST-01,Aserrado,480,0,480,12,4960,137,4823,17,2025-04-07
2025-04-13,Mañana,EST-02,Prensado,480,0,480,8,3376,82,3294,12,2025-04-08
2025-04-13,Tarde,EST-02,Prensado,480,69,411,8,2883,77,2806,13,2025-04-08
2025-04-13,Noche,EST-02,Prensado,480,103,377,8,2730,77,2653,14,2025-04-08
2025-04-14,Mañana,EST-01,Aserrado,480,52,428,12,4554,156,4398,18,2025-04-07
2025-04-14,Tarde,EST-01,Aserrado,480,56,424,12,4580,138,4442,19,2025-04-07
2025-04-14,Noche,EST-01,Aserrado,480,120,360,12,3925,124,3801,20,2025-04-07
2025-04-14,Mañana,EST-02,Prensado,480,0,480,8,3448,74,3374,0,2025-04-13
2025-04-14,Tarde,EST-02,Prensado,480,27,453,8,3393,77,3316,1,2025-04-13
2025-04-14,Noche,EST-02,Prensado,480,0,480,8,3560,93,3467,2,2025-04-13
2025-04-15,Mañana,EST-01,Aserrado,480,0,480,12,5238,125,5113,0,2025-04-14
2025-04-15,Tarde,EST-01,Aserrado,480,0,480,12,5541,66,5475,1,2025-04-14
2025-04-15,Noche,EST-01,Aserrado,480,41,439,12,4934,174,4760,2,2025-04-14
2025-04-15,Mañana,EST-02,Prensado,480,0,480,8,3503,74,3429,3,2025-04-13
2025-04-15,Tarde,EST-02,Prensado,480,0,480,8,3355,66,3289,4,2025-04-13
2025-04-15,Noche,EST-02,Prensado,480,49,431,8,3292,27,3265,5,2025-04-13
2025-04-16,Mañana,EST-01,Aserrado,480,20,460,12,5168,158,5010,3,2025-04-14
2025-04-16,Tarde,EST-01,Aserrado,480,55,425,12,4391,76,4315,4,2025-04-14
2025-04-16,Noche,EST-01,Aserrado,480,64,416,12,4447,86,4361,5,2025-04-14
2025-04-16,Mañana,EST-02,Prensado,480,43,437,8,3147,91,3056,6,2025-04-13
2025-04-16,Tarde,EST-02,Prensado,480,114,366,8,2592,62,2530,7,2025-04-13
2025-04-16,Noche,EST-02,Prensado,480,126,354,8,2585,78,2507,8,2025-04-13
2025-04-17,Mañana,EST-01,Aserrado,480,0,480,12,5059,51,5008,6,2025-04-14
2025-04-17,Tarde,EST-01,Aserrado,480,73,407,12,4507,84,4423,7,2025-04-14
2025-04-17,Noche,EST-01,Aserrado,480,0,480,12,5048,103,4945,8,2025-04-14
2025-04-17,Mañana,EST-02,Prensado,480,0,480,8,3462,89,3373,9,2025-04-13
2025-04-17,Tarde,EST-02,Prensado,480,86,394,8,2806,81,2725,10,2025-04-13
2025-04-17,Noche,EST-02,Prensado,480,0,480,8,3454,82,3372,11,2025-04-13
2025-04-18,Mañana,EST-01,Aserrado,480,0,480,12,5042,164,4878,9,2025-04-14
2025-04-18,Tarde,EST-01,Aserrado,480,74,406,12,4328,100,4228,10,2025-04-14
2025-04-18,Noche,EST-01,Aserrado,480,32,448,12,4715,116,4599,11,2025-04-14
2025-04-18,Mañana,EST-02,Prensado,480,0,480,8,3442,84,3358,0,2025-04-17
2025-04-18,Tarde,EST-02,Prensado,480,59,421,8,3069,66,3003,1,2025-04-17
2025-04-18,Noche,EST-02,Prensado,480,23,457,8,3369,112,3257,2,2025-04-17
2025-04-19,Mañana,EST-01,Aserrado,480,72,408,12,4247,114,4133,12,2025-04-14
2025-04-19,Tarde,EST-01,Aserrado,480,36,444,12,4535,189,4346,13,2025-04-14
2025-04-19,Noche,EST-01,Aserrado,480,30,450,12,4847,125,4722,14,2025-04-14
2025-04-19,Mañana,EST-02,Prensado,480,0,480,8,3458,95,3363,3,2025-04-17
2025-04-19,Tarde,EST-02,Prensado,480,0,480,8,3488,111,3377,4,2025-04-17
2025-04-19,Noche,EST-02,Prensado,480,0,480,8,3606,65,3541,5,2025-04-17
2025-04-20,Mañana,EST-01,Aserrado,480,0,480,12,5044,152,4892,15,2025-04-14
2025-04-20,Tarde,EST-01,Aserrado,480,0,480,12,4918,123,4795,16,2025-04-14
2025-04-20,Noche,EST-01,Aserrado,480,0,480,12,5035,84,4951,17,2025-04-14
2025-04-20,Mañana,EST-02,Prensado,480,47,433,8,3277,65,3212,6,2025-04-17
2025-04-20,Tarde,EST-02,Prensado,480,0,480,8,3234,54,3180,7,2025-04-17
2025-04-20,Noche,EST-02,Prensado,480,90,390,8,2606,49,2557,8,2025-04-17
2025-04-21,Mañana,EST-01,Aserrado,480,197,283,12,3032,97,2935,18,2025-04-14
2025-04-21,Tarde,EST-01,Aserrado,480,31,449,12,4365,123,4242,19,2025-04-14
2025-04-21,Noche,EST-01,Aserrado,480,0,480,12,4677,154,4523,20,2025-04-14
2025-04-21,Mañana,EST-02,Prensado,480,0,480,8,3677,91,3586,9,2025-04-17
2025-04-21,Tarde,EST-02,Prensado,480,0,480,8,3366,99,3267,10,2025-04-17
2025-04-21,Noche,EST-02,Prensado,480,0,480,8,3333,80,3253,11,2025-04-17
2025-04-22,Mañana,EST-01,Aserrado,480,0,480,12,5502,125,5377,0,2025-04-21
2025-04-22,Tarde,EST-01,Aserrado,480,117,363,12,4158,91,4067,1,2025-04-21
2025-04-22,Noche,EST-01,Aserrado,480,0,480,12,5628,153,5475,2,2025-04-21
2025-04-22,Mañana,EST-02,Prensado,480,188,292,8,1988,63,1925,12,2025-04-17
2025-04-22,Tarde,EST-02,Prensado,480,0,480,8,3344,102,3242,13,2025-04-17
2025-04-22,Noche,EST-02,Prensado,480,0,480,8,3408,117,3291,14,2025-04-17
2025-04-23,Mañana,EST-01,Aserrado,480,0,480,12,5131,116,5015,3,2025-04-21
2025-04-23,Tarde,EST-01,Aserrado,480,41,439,12,4741,133,4608,4,2025-04-21
2025-04-23,Noche,EST-01,Aserrado,480,0,480,12,5358,150,5208,5,2025-04-21
2025-04-23,Mañana,EST-02,Prensado,480,0,480,8,3542,33,3509,0,2025-04-22
2025-04-23,Tarde,EST-02,Prensado,480,0,480,8,3465,59,3406,1,2025-04-22
2025-04-23,Noche,EST-02,Prensado,480,0,480,8,3489,48,3441,2,2025-04-22
2025-04-24,Mañana,EST-01,Aserrado,480,0,480,12,5292,151,5141,6,2025-04-21
2025-04-24,Tarde,EST-01,Aserrado,480,82,398,12,4353,110,4243,7,2025-04-21
2025-04-24,Noche,EST-01,Aserrado,480,0,480,12,5063,104,4959,8,2025-04-21
2025-04-24,Mañana,EST-02,Prensado,480,29,451,8,3190,64,3126,3,2025-04-22
2025-04-24,Tarde,EST-02,Prensado,480,29,451,8,3322,59,3263,4,2025-04-22
2025-04-24,Noche,EST-02,Prensado,480,0,480,8,3475,84,3391,5,2025-04-22
2025-04-25,Mañana,EST-01,Aserrado,480,64,416,12,4341,130,4211,9,2025-04-21
2025-04-25,Tarde,EST-01,Aserrado,480,0,480,12,5097,148,4949,10,2025-04-21
2025-04-25,Noche,EST-01,Aserrado,480,195,285,12,3106,67,3039,11,2025-04-21
2025-04-25,Mañana,EST-02,Prensado,480,0,480,8,3255,40,3215,6,2025-04-22
2025-04-25,Tarde,EST-02,Prensado,480,25,455,8,3383,120,3263,7,2025-04-22
2025-04-25,Noche,EST-02,Prensado,480,133,347,8,2454,59,2395,8,2025-04-22
2025-04-26,Mañana,EST-01,Aserrado,480,111,369,12,3632,146,3486,12,2025-04-21
2025-04-26,Tarde,EST-01,Aserrado,480,31,449,12,4701,200,4501,13,2025-04-21
2025-04-26,Noche,EST-01,Aserrado,480,0,480,12,4887,116,4771,14,2025-04-21
2025-04-26,Mañana,EST-02,Prensado,480,179,301,8,2297,59,2238,9,2025-04-22
2025-04-26,Tarde,EST-02,Prensado,480,23,457,8,3371,123,3248,10,2025-04-22
2025-04-26,Noche,EST-02,Prensado,480,28,452,8,3211,100,3111,11,2025-04-22
2025-04-27,Mañana,EST-01,Aserrado,480,30,450,12,4686,129,4557,15,2025-04-21
2025-04-27,Tarde,EST-01,Aserrado,480,59,421,12,4504,129,4375,16,2025-04-21
2025-04-27,Noche,EST-01,Aserrado,480,98,382,12,4172,124,4048,17,2025-04-21
2025-04-27,Mañana,EST-02,Prensado,480,0,480,8,3357,94,3263,12,2025-04-22
2025-04-27,Tarde,EST-02,Prensado,480,0,480,8,3327,106,3221,13,2025-04-22
2025-04-27,Noche,EST-02,Prensado,480,0,480,8,3221,113,3108,14,2025-04-22
2025-04-28,Mañana,EST-01,Aserrado,480,0,480,12,5187,116,5071,0,2025-04-27
2025-04-28,Tarde,EST-01,Aserrado,480,0,480,12,5312,84,5228,1,2025-04-27
2025-04-28,Noche,EST-01,Aserrado,480,0,480,12,5390,110,5280,2,2025-04-27
2025-04-28,Mañana,EST-02,Prensado,480,105,375,8,2468,59,2409,15,2025-04-22
2025-04-28,Tarde,EST-02,Prensado,480,18,462,8,3103,121,2982,16,2025-04-22
2025-04-28,Noche,EST-02,Prensado,480,0,480,8,3349,104,3245,17,2025-04-22
2025-04-29,Mañana,EST-01,Aserrado,480,0,480,12,5143,104,5039,3,2025-04-27
2025-04-29,Tarde,EST-01,Aserrado,480,113,367,12,3804,64,3740,4,2025-04-27
2025-04-29,Noche,EST-01,Aserrado,480,80,400,12,4281,107,4174,5,2025-04-27
2025-04-29,Mañana,EST-02,Prensado,480,98,382,8,2770,113,2657,18,2025-04-22
2025-04-29,Tarde,EST-02,Prensado,480,107,373,8,2547,86,2461,19,2025-04-22
2025-04-29,Noche,EST-02,Prensado,480,0,480,8,3200,101,3099,20,2025-04-22
2025-04-30,Mañana,EST-01,Aserrado,480,0,480,12,5377,127,5250,6,2025-04-27
2025-04-30,Tarde,EST-01,Aserrado,480,33,447,12,5051,212,4839,7,2025-04-27
2025-04-30,Noche,EST-01,Aserrado,480,0,480,12,4903,123,4780,8,2025-04-27
2025-04-30,Mañana,EST-02,Prensado,480,80,400,8,2732,62,2670,21,2025-04-22
2025-04-30,Tarde,EST-02,Prensado,480,0,480,8,3208,108,3100,22,2025-04-22
2025-04-30,Noche,EST-02,Prensado,480,0,480,8,3495,83,3412,23,2025-04-22
2025-05-01,Mañana,EST-01,Aserrado,480,96,384,12,4009,116,3893,9,2025-04-27
2025-05-01,Tarde,EST-01,Aserrado,480,22,458,12,4908,207,4701,10,2025-04-27
2025-05-01,Noche,EST-01,Aserrado,480,43,437,12,4806,199,4607,11,2025-04-27
2025-05-01,Mañana,EST-02,Prensado,480,0,480,8,3338,90,3248,24,2025-04-22
2025-05-01,Tarde,EST-02,Prensado,480,114,366,8,2540,99,2441,25,2025-04-22
2025-05-01,Noche,EST-02,Prensado,480,0,480,8,3136,103,3033,26,2025-04-22
2025-05-02,Mañana,EST-01,Aserrado,480,0,480,12,5158,144,5014,12,2025-04-27
2025-05-02,Tarde,EST-01,Aserrado,480,44,436,12,4658,149,4509,13,2025-04-27
2025-05-02,Noche,EST-01,Aserrado,480,107,373,12,4122,162,3960,14,2025-04-27
2025-05-02,Mañana,EST-02,Prensado,480,192,288,8,1993,47,1946,27,2025-04-22
2025-05-02,Tarde,EST-02,Prensado,480,0,480,8,3431,111,3320,28,2025-04-22
2025-05-02,Noche,EST-02,Prensado,480,0,480,8,3403,130,3273,29,2025-04-22
2025-05-03,Mañana,EST-01,Aserrado,480,105,375,12,4327,79,4248,0,2025-05-02
2025-05-03,Tarde,EST-01,Aserrado,480,15,465,12,5180,145,5035,1,2025-05-02
2025-05-03,Noche,EST-01,Aserrado,480,40,440,12,4600,59,4541,2,2025-05-02
2025-05-03,Mañana,EST-02,Prensado,480,0,480,8,3600,93,3507,0,2025-05-02
2025-05-03,Tarde,EST-02,Prensado,480,0,480,8,3521,76,3445,1,2025-05-02
2025-05-03,Noche,EST-02,Prensado,480,89,391,8,2931,80,2851,2,2025-05-02
2025-05-04,Mañana,EST-01,Aserrado,480,0,480,12,5412,109,5303,3,2025-05-02
2025-05-04,Tarde,EST-01,Aserrado,480,53,427,12,4556,84,4472,4,2025-05-02
2025-05-04,Noche,EST-01,Aserrado,480,73,407,12,4569,81,4488,5,2025-05-02
2025-05-04,Mañana,EST-02,Prensado,480,85,395,8,2752,69,2683,3,2025-05-02
2025-05-04,Tarde,EST-02,Prensado,480,30,450,8,3286,69,3217,4,2025-05-02
2025-05-04,Noche,EST-02,Prensado,480,0,480,8,3261,94,3167,5,2025-05-02
2025-05-05,Mañana,EST-01,Aserrado,480,89,391,12,4094,104,3990,6,2025-05-02
2025-05-05,Tarde,EST-01,Aserrado,480,18,462,12,5062,109,4953,7,2025-05-02
2025-05-05,Noche,EST-01,Aserrado,480,159,321,12,3528,75,3453,8,2025-05-02
2025-05-05,Mañana,EST-02,Prensado,480,58,422,8,3032,56,2976,0,2025-05-04
2025-05-05,Tarde,EST-02,Prensado,480,42,438,8,3275,111,3164,1,2025-05-04
2025-05-05,Noche,EST-02,Prensado,480,161,319,8,2260,41,2219,2,2025-05-04
2025-05-06,Mañana,EST-01,Aserrado,480,0,480,12,5032,85,4947,0,2025-05-05
2025-05-06,Tarde,EST-01,Aserrado,480,0,480,12,5111,122,4989,1,2025-05-05
2025-05-06,Noche,EST-01,Aserrado,480,31,449,12,4998,110,4888,2,2025-05-05
2025-05-06,Mañana,EST-02,Prensado,480,16,464,8,3421,88,3333,3,2025-05-04
2025-05-06,Tarde,EST-02,Prensado,480,0,480,8,3529,88,3441,4,2025-05-04
2025-05-06,Noche,EST-02,Prensado,480,0,480,8,3514,61,3453,5,2025-05-04
2025-05-07,Mañana,EST-01,Aserrado,480,86,394,12,4342,147,4195,3,2025-05-05
2025-05-07,Tarde,EST-01,Aserrado,480,0,480,12,5307,81,5226,4,2025-05-05
2025-05-07,Noche,EST-01,Aserrado,480,78,402,12,4490,93,4397,5,2025-05-05
2025-05-07,Mañana,EST-02,Prensado,480,38,442,8,3139,90,3049,6,2025-05-04
2025-05-07,Tarde,EST-02,Prensado,480,76,404,8,2920,60,2860,7,2025-05-04
2025-05-07,Noche,EST-02,Prensado,480,87,393,8,2854,75,2779,8,2025-05-04
2025-05-08,Mañana,EST-01,Aserrado,480,109,371,12,4241,126,4115,6,2025-05-05
2025-05-08,Tarde,EST-01,Aserrado,480,0,480,12,5195,128,5067,7,2025-05-05
2025-05-08,Noche,EST-01,Aserrado,480,15,465,12,4934,165,4769,8,2025-05-05
2025-05-08,Mañana,EST-02,Prensado,480,0,480,8,3505,56,3449,9,2025-05-04
2025-05-08,Tarde,EST-02,Prensado,480,60,420,8,3058,136,2922,10,2025-05-04
2025-05-08,Noche,EST-02,Prensado,480,0,480,8,3135,86,3049,11,2025-05-04
2025-05-09,Mañana,EST-01,Aserrado,480,148,332,12,3766,151,3615,9,2025-05-05
2025-05-09,Tarde,EST-01,Aserrado,480,0,480,12,5194,92,5102,10,2025-05-05
2025-05-09,Noche,EST-01,Aserrado,480,0,480,12,5051,128,4923,11,2025-05-05
2025-05-09,Mañana,EST-02,Prensado,480,0,480,8,3509,89,3420,12,2025-05-04
2025-05-09,Tarde,EST-02,Prensado,480,0,480,8,3427,91,3336,13,2025-05-04
2025-05-09,Noche,EST-02,Prensado,480,36,444,8,3143,129,3014,14,2025-05-04
2025-05-10,Mañana,EST-01,Aserrado,480,53,427,12,4765,156,4609,12,2025-05-05
2025-05-10,Tarde,EST-01,Aserrado,480,55,425,12,4713,140,4573,13,2025-05-05
2025-05-10,Noche,EST-01,Aserrado,480,38,442,12,4839,145,4694,14,2025-05-05
2025-05-10,Mañana,EST-02,Prensado,480,0,480,8,3379,79,3300,15,2025-05-04
2025-05-10,Tarde,EST-02,Prensado,480,239,241,8,1654,71,1583,16,2025-05-04
2025-05-10,Noche,EST-02,Prensado,480,0,480,8,3354,98,3256,17,2025-05-04
2025-05-11,Mañana,EST-01,Aserrado,480,0,480,12,5276,146,5130,15,2025-05-05
2025-05-11,Tarde,EST-01,Aserrado,480,39,441,12,4794,200,4594,16,2025-05-05
2025-05-11,Noche,EST-01,Aserrado,480,0,480,12,4691,98,4593,17,2025-05-05
2025-05-11,Mañana,EST-02,Prensado,480,77,403,8,2707,81,2626,18,2025-05-04
2025-05-11,Tarde,EST-02,Prensado,480,36,444,8,3001,147,2854,19,2025-05-04
2025-05-11,Noche,EST-02,Prensado,480,137,343,8,2458,105,2353,20,2025-05-04
2025-05-12,Mañana,EST-01,Aserrado,480,100,380,12,3972,141,3831,18,2025-05-05
2025-05-12,Tarde,EST-01,Aserrado,480,0,480,12,4961,190,4771,19,2025-05-05
2025-05-12,Noche,EST-01,Aserrado,480,0,480,12,4958,137,4821,20,2025-05-05
2025-05-12,Mañana,EST-02,Prensado,480,0,480,8,3314,88,3226,21,2025-05-04
2025-05-12,Tarde,EST-02,Prensado,480,0,480,8,3243,94,3149,22,2025-05-04
2025-05-12,Noche,EST-02,Prensado,480,90,390,8,2708,124,2584,23,2025-05-04
2025-05-13,Mañana,EST-01,Aserrado,480,128,352,12,3451,142,3309,21,2025-05-05
2025-05-13,Tarde,EST-01,Aserrado,480,63,417,12,4214,119,4095,22,2025-05-05
2025-05-13,Noche,EST-01,Aserrado,480,32,448,12,4724,130,4594,23,2025-05-05
2025-05-13,Mañana,EST-02,Prensado,480,0,480,8,3422,122,3300,24,2025-05-04
2025-05-13,Tarde,EST-02,Prensado,480,58,422,8,2961,105,2856,25,2025-05-04
2025-05-13,Noche,EST-02,Prensado,480,0,480,8,3364,133,3231,26,2025-05-04
2025-05-14,Mañana,EST-01,Aserrado,480,130,350,12,3353,102,3251,24,2025-05-05
2025-05-14,Tarde,EST-01,Aserrado,480,0,480,12,4897,159,4738,25,2025-05-05
2025-05-14,Noche,EST-01,Aserrado,480,122,358,12,3763,154,3609,26,2025-05-05
2025-05-14,Mañana,EST-02,Prensado,480,134,346,8,2302,86,2216,27,2025-05-04
2025-05-14,Tarde,EST-02,Prensado,480,103,377,8,2573,134,2439,28,2025-05-04
2025-05-14,Noche,EST-02,Prensado,480,90,390,8,2547,85,2462,29,2025-05-04
2025-05-15,Mañana,EST-01,Aserrado,480,52,428,12,4975,104,4871,0,2025-05-14
2025-05-15,Tarde,EST-01,Aserrado,480,81,399,12,4455,129,4326,1,2025-05-14
2025-05-15,Noche,EST-01,Aserrado,480,0,480,12,5099,104,4995,2,2025-05-14
2025-05-15,Mañana,EST-02,Prensado,480,53,427,8,3140,69,3071,0,2025-05-14
2025-05-15,Tarde,EST-02,Prensado,480,51,429,8,2994,71,2923,1,2025-05-14
2025-05-15,Noche,EST-02,Prensado,480,0,480,8,3630,134,3496,2,2025-05-14
2025-05-16,Mañana,EST-01,Aserrado,480,27,453,12,4918,108,4810,3,2025-05-14
2025-05-16,Tarde,EST-01,Aserrado,480,0,480,12,4987,149,4838,4,2025-05-14
2025-05-16,Noche,EST-01,Aserrado,480,24,456,12,5202,128,5074,5,2025-05-14
2025-05-16,Mañana,EST-02,Prensado,480,43,437,8,3125,58,3067,3,2025-05-14
2025-05-16,Tarde,EST-02,Prensado,480,88,392,8,2614,91,2523,4,2025-05-14
2025-05-16,Noche,EST-02,Prensado,480,0,480,8,3581,84,3497,5,2025-05-14
2025-05-17,Mañana,EST-01,Aserrado,480,24,456,12,4972,113,4859,6,2025-05-14
2025-05-17,Tarde,EST-01,Aserrado,480,0,480,12,4932,111,4821,7,2025-05-14
2025-05-17,Noche,EST-01,Aserrado,480,52,428,12,4450,174,4276,8,2025-05-14
2025-05-17,Mañana,EST-02,Prensado,480,0,480,8,3515,81,3434,0,2025-05-16
2025-05-17,Tarde,EST-02,Prensado,480,0,480,8,3267,72,3195,1,2025-05-16
2025-05-17,Noche,EST-02,Prensado,480,10,470,8,3402,80,3322,2,2025-05-16
2025-05-18,Mañana,EST-01,Aserrado,480,28,452,12,4969,120,4849,9,2025-05-14
2025-05-18,Tarde,EST-01,Aserrado,480,120,360,12,3689,128,3561,10,2025-05-14
2025-05-18,Noche,EST-01,Aserrado,480,0,480,12,4927,119,4808,11,2025-05-14
2025-05-18,Mañana,EST-02,Prensado,480,52,428,8,3170,125,3045,3,2025-05-16
2025-05-18,Tarde,EST-02,Prensado,480,95,385,8,2696,41,2655,4,2025-05-16
2025-05-18,Noche,EST-02,Prensado,480,32,448,8,3464,87,3377,5,2025-05-16
2025-05-19,Mañana,EST-01,Aserrado,480,0,480,12,4854,145,4709,12,2025-05-14
2025-05-19,Tarde,EST-01,Aserrado,480,0,480,12,5016,119,4897,13,2025-05-14
2025-05-19,Noche,EST-01,Aserrado,480,93,387,12,4032,134,3898,14,2025-05-14
2025-05-19,Mañana,EST-02,Prensado,480,0,480,8,3745,110,3635,6,2025-05-16
2025-05-19,Tarde,EST-02,Prensado,480,137,343,8,2586,43,2543,7,2025-05-16
2025-05-19,Noche,EST-02,Prensado,480,113,367,8,2607,84,2523,8,2025-05-16
2025-05-20,Mañana,EST-01,Aserrado,480,81,399,12,4169,118,4051,15,2025-05-14
2025-05-20,Tarde,EST-01,Aserrado,480,66,414,12,4021,109,3912,16,2025-05-14
2025-05-20,Noche,EST-01,Aserrado,480,0,480,12,5170,135,5035,17,2025-05-14
2025-05-20,Mañana,EST-02,Prensado,480,63,417,8,2898,53,2845,9,2025-05-16
2025-05-20,Tarde,EST-02,Prensado,480,0,480,8,3298,98,3200,10,2025-05-16
2025-05-20,Noche,EST-02,Prensado,480,117,363,8,2623,75,2548,11,2025-05-16
2025-05-21,Mañana,EST-01,Aserrado,480,44,436,12,4624,132,4492,0,2025-05-20
2025-05-21,Tarde,EST-01,Aserrado,480,0,480,12,4831,72,4759,1,2025-05-20
2025-05-21,Noche,EST-01,Aserrado,480,0,480,12,5013,111,4902,2,2025-05-20
2025-05-21,Mañana,EST-02,Prensado,480,0,480,8,3241,80,3161,12,2025-05-16
2025-05-21,Tarde,EST-02,Prensado,480,0,480,8,3269,74,3195,13,2025-05-16
2025-05-21,Noche,EST-02,Prensado,480,0,480,8,3364,63,3301,14,2025-05-16
2025-05-22,Mañana,EST-01,Aserrado,480,0,480,12,5226,96,5130,3,2025-05-20
2025-05-22,Tarde,EST-01,Aserrado,480,0,480,12,5228,97,5131,4,2025-05-20
2025-05-22,Noche,EST-01,Aserrado,480,0,480,12,5343,120,5223,5,2025-05-20
2025-05-22,Mañana,EST-02,Prensado,480,101,379,8,2731,101,2630,15,2025-05-16
2025-05-22,Tarde,EST-02,Prensado,480,0,480,8,3229,81,3148,16,2025-05-16
2025-05-22,Noche,EST-02,Prensado,480,135,345,8,2327,83,2244,17,2025-05-16
2025-05-23,Mañana,EST-01,Aserrado,480,99,381,12,4154,156,3998,6,2025-05-20
2025-05-23,Tarde,EST-01,Aserrado,480,96,384,12,4208,92,4116,7,2025-05-20
2025-05-23,Noche,EST-01,Aserrado,480,127,353,12,3769,135,3634,8,2025-05-20
2025-05-23,Mañana,EST-02,Prensado,480,79,401,8,2936,99,2837,18,2025-05-16
2025-05-23,Tarde,EST-02,Prensado,480,0,480,8,3346,77,3269,19,2025-05-16
2025-05-23,Noche,EST-02,Prensado,480,0,480,8,3473,105,3368,20,2025-05-16
2025-05-24,Mañana,EST-01,Aserrado,480,0,480,12,5313,115,5198,9,2025-05-20
2025-05-24,Tarde,EST-01,Aserrado,480,0,480,12,5488,88,5400,10,2025-05-20
2025-05-24,Noche,EST-01,Aserrado,480,0,480,12,5122,144,4978,11,2025-05-20
2025-05-24,Mañana,EST-02,Prensado,480,112,368,8,2609,61,2548,21,2025-05-16
2025-05-24,Tarde,EST-02,Prensado,480,18,462,8,3108,112,2996,22,2025-05-16
2025-05-24,Noche,EST-02,Prensado,480,186,294,8,1872,62,1810,23,2025-05-16
2025-05-25,Mañana,EST-01,Aserrado,480,85,395,12,4075,85,3990,12,2025-05-20
2025-05-25,Tarde,EST-01,Aserrado,480,0,480,12,5140,115,5025,13,2025-05-20
2025-05-25,Noche,EST-01,Aserrado,480,0,480,12,5184,169,5015,14,2025-05-20
2025-05-25,Mañana,EST-02,Prensado,480,23,457,8,3042,92,2950,24,2025-05-16
2025-05-25,Tarde,EST-02,Prensado,480,163,317,8,2152,62,2090,25,2025-05-16
2025-05-25,Noche,EST-02,Prensado,480,0,480,8,3188,90,3098,26,2025-05-16
2025-05-26,Mañana,EST-01,Aserrado,480,0,480,12,5206,115,5091,0,2025-05-25
2025-05-26,Tarde,EST-01,Aserrado,480,0,480,12,5238,137,5101,1,2025-05-25
2025-05-26,Noche,EST-01,Aserrado,480,65,415,12,4555,64,4491,2,2025-05-25
2025-05-26,Mañana,EST-02,Prensado,480,0,480,8,3458,99,3359,0,2025-05-25
2025-05-26,Tarde,EST-02,Prensado,480,0,480,8,3677,72,3605,1,2025-05-25
2025-05-26,Noche,EST-02,Prensado,480,22,458,8,3343,95,3248,2,2025-05-25
2025-05-27,Mañana,EST-01,Aserrado,480,0,480,12,5202,88,5114,3,2025-05-25
2025-05-27,Tarde,EST-01,Aserrado,480,44,436,12,4892,183,4709,4,2025-05-25
2025-05-27,Noche,EST-01,Aserrado,480,25,455,12,4946,153,4793,5,2025-05-25
2025-05-27,Mañana,EST-02,Prensado,480,37,443,8,3262,97,3165,3,2025-05-25
2025-05-27,Tarde,EST-02,Prensado,480,65,415,8,3104,88,3016,4,2025-05-25
2025-05-27,Noche,EST-02,Prensado,480,64,416,8,3026,107,2919,5,2025-05-25
2025-05-28,Mañana,EST-01,Aserrado,480,37,443,12,4517,84,4433,6,2025-05-25
2025-05-28,Tarde,EST-01,Aserrado,480,40,440,12,4692,197,4495,7,2025-05-25
2025-05-28,Noche,EST-01,Aserrado,480,0,480,12,5028,146,4882,8,2025-05-25
2025-05-28,Mañana,EST-02,Prensado,480,0,480,8,3458,94,3364,6,2025-05-25
2025-05-28,Tarde,EST-02,Prensado,480,0,480,8,3539,86,3453,7,2025-05-25
2025-05-28,Noche,EST-02,Prensado,480,0,480,8,3365,69,3296,8,2025-05-25
2025-05-29,Mañana,EST-01,Aserrado,480,0,480,12,4991,132,4859,9,2025-05-25
2025-05-29,Tarde,EST-01,Aserrado,480,73,407,12,4507,133,4374,10,2025-05-25
2025-05-29,Noche,EST-01,Aserrado,480,118,362,12,4057,114,3943,11,2025-05-25
2025-05-29,Mañana,EST-02,Prensado,480,0,480,8,3503,97,3406,9,2025-05-25
2025-05-29,Tarde,EST-02,Prensado,480,0,480,8,3091,62,3029,10,2025-05-25
2025-05-29,Noche,EST-02,Prensado,480,0,480,8,3413,97,3316,11,2025-05-25
2025-05-30,Mañana,EST-01,Aserrado,480,22,458,12,4981,180,4801,0,2025-05-29
2025-05-30,Tarde,EST-01,Aserrado,480,61,419,12,4799,182,4617,1,2025-05-29
2025-05-30,Noche,EST-01,Aserrado,480,133,347,12,3867,82,3785,2,2025-05-29
2025-05-30,Mañana,EST-02,Prensado,480,28,452,8,3227,105,3122,12,2025-05-25
2025-05-30,Tarde,EST-02,Prensado,480,18,462,8,3188,76,3112,13,2025-05-25
2025-05-30,Noche,EST-02,Prensado,480,0,480,8,3336,100,3236,14,2025-05-25
2025-05-31,Mañana,EST-01,Aserrado,480,0,480,12,5355,98,5257,3,2025-05-29
2025-05-31,Tarde,EST-01,Aserrado,480,0,480,12,5330,119,5211,4,2025-05-29
2025-05-31,Noche,EST-01,Aserrado,480,0,480,12,5457,133,5324,5,2025-05-29
2025-05-31,Mañana,EST-02,Prensado,480,0,480,8,3284,95,3189,15,2025-05-25
2025-05-31,Tarde,EST-02,Prensado,480,0,480,8,3311,95,3216,16,2025-05-25
2025-05-31,Noche,EST-02,Prensado,480,0,480,8,3216,82,3134,17,2025-05-25
2025-06-01,Mañana,EST-01,Aserrado,480,0,480,12,5337,110,5227,6,2025-05-29
2025-06-01,Tarde,EST-01,Aserrado,480,151,329,12,3334,111,3223,7,2025-05-29
2025-06-01,Noche,EST-01,Aserrado,480,0,480,12,5088,142,4946,8,2025-05-29
2025-06-01,Mañana,EST-02,Prensado,480,0,480,8,3555,91,3464,18,2025-05-25
2025-06-01,Tarde,EST-02,Prensado,480,78,402,8,2831,62,2769,19,2025-05-25
2025-06-01,Noche,EST-02,Prensado,480,0,480,8,3177,119,3058,20,2025-05-25
2025-06-02,Mañana,EST-01,Aserrado,480,53,427,12,4546,84,4462,0,2025-06-01
2025-06-02,Tarde,EST-01,Aserrado,480,41,439,12,4621,132,4489,1,2025-06-01
2025-06-02,Noche,EST-01,Aserrado,480,92,388,12,4421,128,4293,2,2025-06-01
2025-06-02,Mañana,EST-02,Prensado,480,0,480,8,3319,69,3250,21,2025-05-25
2025-06-02,Tarde,EST-02,Prensado,480,33,447,8,2805,102,2703,22,2025-05-25
2025-06-02,Noche,EST-02,Prensado,480,41,439,8,2953,72,2881,23,2025-05-25
2025-06-03,Mañana,EST-01,Aserrado,480,0,480,12,5073,74,4999,3,2025-06-01
2025-06-03,Tarde,EST-01,Aserrado,480,0,480,12,5320,125,5195,4,2025-06-01
2025-06-03,Noche,EST-01,Aserrado,480,0,480,12,5187,96,5091,5,2025-06-01
2025-06-03,Mañana,EST-02,Prensado,480,54,426,8,3048,111,2937,24,2025-05-25
2025-06-03,Tarde,EST-02,Prensado,480,0,480,8,3460,111,3349,25,2025-05-25
2025-06-03,Noche,EST-02,Prensado,480,0,480,8,3202,86,3116,26,2025-05-25
2025-06-04,Mañana,EST-01,Aserrado,480,0,480,12,5395,123,5272,6,2025-06-01
2025-06-04,Tarde,EST-01,Aserrado,480,0,480,12,5066,82,4984,7,2025-06-01
2025-06-04,Noche,EST-01,Aserrado,480,84,396,12,4186,140,4046,8,2025-06-01
2025-06-04,Mañana,EST-02,Prensado,480,0,480,8,3342,109,3233,27,2025-05-25
2025-06-04,Tarde,EST-02,Prensado,480,0,480,8,3299,105,3194,28,2025-05-25
2025-06-04,Noche,EST-02,Prensado,480,127,353,8,2306,78,2228,29,2025-05-25
2025-06-05,Mañana,EST-01,Aserrado,480,0,480,12,5190,157,5033,9,2025-06-01
2025-06-05,Tarde,EST-01,Aserrado,480,0,480,12,5161,152,5009,10,2025-06-01
2025-06-05,Noche,EST-01,Aserrado,480,118,362,12,3839,170,3669,11,2025-06-01
2025-06-05,Mañana,EST-02,Prensado,480,202,278,8,1841,48,1793,0,2025-06-04
2025-06-05,Tarde,EST-02,Prensado,480,32,448,8,3147,89,3058,1,2025-06-04
2025-06-05,Noche,EST-02,Prensado,480,80,400,8,2800,80,2720,2,2025-06-04
2025-06-06,Mañana,EST-01,Aserrado,480,85,395,12,3985,125,3860,12,2025-06-01
2025-06-06,Tarde,EST-01,Aserrado,480,0,480,12,5205,115,5090,13,2025-06-01
2025-06-06,Noche,EST-01,Aserrado,480,22,458,12,4956,173,4783,14,2025-06-01
2025-06-06,Mañana,EST-02,Prensado,480,50,430,8,3095,76,3019,3,2025-06-04
2025-06-06,Tarde,EST-02,Prensado,480,0,480,8,3348,56,3292,4,2025-06-04
2025-06-06,Noche,EST-02,Prensado,480,110,370,8,2746,75,2671,5,2025-06-04
2025-06-07,Mañana,EST-01,Aserrado,480,0,480,12,5417,166,5251,0,2025-06-06
2025-06-07,Tarde,EST-01,Aserrado,480,0,480,12,5056,139,4917,1,2025-06-06
2025-06-07,Noche,EST-01,Aserrado,480,99,381,12,4147,71,4076,2,2025-06-06
2025-06-07,Mañana,EST-02,Prensado,480,0,480,8,3629,75,3554,6,2025-06-04
2025-06-07,Tarde,EST-02,Prensado,480,0,480,8,3219,66,3153,7,2025-06-04
2025-06-07,Noche,EST-02,Prensado,480,15,465,8,3487,131,3356,8,2025-06-04
2025-06-08,Mañana,EST-01,Aserrado,480,0,480,12,5240,103,5137,3,2025-06-06
2025-06-08,Tarde,EST-01,Aserrado,480,0,480,12,5191,126,5065,4,2025-06-06
2025-06-08,Noche,EST-01,Aserrado,480,0,480,12,5400,127,5273,5,2025-06-06
2025-06-08,Mañana,EST-02,Prensado,480,0,480,8,3493,94,3399,9,2025-06-04
2025-06-08,Tarde,EST-02,Prensado,480,0,480,8,3276,64,3212,10,2025-06-04
2025-06-08,Noche,EST-02,Prensado,480,0,480,8,3345,90,3255,11,2025-06-04
2025-06-09,Mañana,EST-01,Aserrado,480,37,443,12,4807,121,4686,6,2025-06-06
2025-06-09,Tarde,EST-01,Aserrado,480,0,480,12,5300,82,5218,7,2025-06-06
2025-06-09,Noche,EST-01,Aserrado,480,70,410,12,4349,95,4254,8,2025-06-06
2025-06-09,Mañana,EST-02,Prensado,480,89,391,8,2776,89,2687,12,2025-06-04
2025-06-09,Tarde,EST-02,Prensado,480,27,453,8,3333,91,3242,13,2025-06-04
2025-06-09,Noche,EST-02,Prensado,480,42,438,8,3028,93,2935,14,2025-06-04
2025-06-10,Mañana,EST-01,Aserrado,480,20,460,12,5119,121,4998,9,2025-06-06
2025-06-10,Tarde,EST-01,Aserrado,480,98,382,12,4151,181,3970,10,2025-06-06
2025-06-10,Noche,EST-01,Aserrado,480,0,480,12,5009,165,4844,11,2025-06-06
2025-06-10,Mañana,EST-02,Prensado,480,0,480,8,3541,105,3436,15,2025-06-04
2025-06-10,Tarde,EST-02,Prensado,480,0,480,8,3459,90,3369,16,2025-06-04
2025-06-10,Noche,EST-02,Prensado,480,77,403,8,2834,98,2736,17,2025-06-04
2025-06-11,Mañana,EST-01,Aserrado,480,10,470,12,4878,147,4731,12,2025-06-06
2025-06-11,Tarde,EST-01,Aserrado,480,0,480,12,5131,167,4964,13,2025-06-06
2025-06-11,Noche,EST-01,Aserrado,480,0,480,12,4827,144,4683,14,2025-06-06
2025-06-11,Mañana,EST-02,Prensado,480,112,368,8,2758,69,2689,0,2025-06-10
2025-06-11,Tarde,EST-02,Prensado,480,38,442,8,3121,58,3063,1,2025-06-10
2025-06-11,Noche,EST-02,Prensado,480,57,423,8,3087,72,3015,2,2025-06-10
2025-06-12,Mañana,EST-01,Aserrado,480,77,403,12,4203,106,4097,15,2025-06-06
2025-06-12,Tarde,EST-01,Aserrado,480,0,480,12,5095,107,4988,16,2025-06-06
2025-06-12,Noche,EST-01,Aserrado,480,93,387,12,4114,178,3936,17,2025-06-06
2025-06-12,Mañana,EST-02,Prensado,480,0,480,8,3705,95,3610,3,2025-06-10
2025-06-12,Tarde,EST-02,Prensado,480,0,480,8,3512,69,3443,4,2025-06-10
2025-06-12,Noche,EST-02,Prensado,480,47,433,8,2992,94,2898,5,2025-06-10
2025-06-13,Mañana,EST-01,Aserrado,480,71,409,12,4315,165,4150,18,2025-06-06
2025-06-13,Tarde,EST-01,Aserrado,480,15,465,12,4849,206,4643,19,2025-06-06
2025-06-13,Noche,EST-01,Aserrado,480,91,389,12,4156,146,4010,20,2025-06-06
2025-06-13,Mañana,EST-02,Prensado,480,0,480,8,3559,96,3463,6,2025-06-10
2025-06-13,Tarde,EST-02,Prensado,480,0,480,8,3600,98,3502,7,2025-06-10
2025-06-13,Noche,EST-02,Prensado,480,124,356,8,2425,63,2362,8,2025-06-10
2025-06-14,Mañana,EST-01,Aserrado,480,0,480,12,4924,164,4760,21,2025-06-06
2025-06-14,Tarde,EST-01,Aserrado,480,35,445,12,4410,156,4254,22,2025-06-06
2025-06-14,Noche,EST-01,Aserrado,480,0,480,12,5104,203,4901,23,2025-06-06
2025-06-14,Mañana,EST-02,Prensado,480,26,454,8,2988,56,2932,9,2025-06-10
2025-06-14,Tarde,EST-02,Prensado,480,39,441,8,3037,68,2969,10,2025-06-10
2025-06-14,Noche,EST-02,Prensado,480,52,428,8,3180,96,3084,11,2025-06-10
2025-06-15,Mañana,EST-01,Aserrado,480,118,362,12,3613,126,3487,24,2025-06-06
2025-06-15,Tarde,EST-01,Aserrado,480,84,396,12,3870,114,3756,25,2025-06-06
2025-06-15,Noche,EST-01,Aserrado,480,162,318,12,3356,111,3245,26,2025-06-06
2025-06-15,Mañana,EST-02,Prensado,480,114,366,8,2513,62,2451,12,2025-06-10
2025-06-15,Tarde,EST-02,Prensado,480,0,480,8,3388,90,3298,13,2025-06-10
2025-06-15,Noche,EST-02,Prensado,480,75,405,8,2876,51,2825,14,2025-06-10
2025-06-16,Mañana,EST-01,Aserrado,480,39,441,12,4871,150,4721,0,2025-06-15
2025-06-16,Tarde,EST-01,Aserrado,480,27,453,12,4567,67,4500,1,2025-06-15
2025-06-16,Noche,EST-01,Aserrado,480,0,480,12,5186,82,5104,2,2025-06-15
2025-06-16,Mañana,EST-02,Prensado,480,0,480,8,3341,114,3227,15,2025-06-10
2025-06-16,Tarde,EST-02,Prensado,480,0,480,8,3425,92,3333,16,2025-06-10
2025-06-16,Noche,EST-02,Prensado,480,25,455,8,3221,101,3120,17,2025-06-10
2025-06-17,Mañana,EST-01,Aserrado,480,0,480,12,5068,112,4956,3,2025-06-15
2025-06-17,Tarde,EST-01,Aserrado,480,0,480,12,5150,145,5005,4,2025-06-15
2025-06-17,Noche,EST-01,Aserrado,480,51,429,12,4765,121,4644,5,2025-06-15
2025-06-17,Mañana,EST-02,Prensado,480,0,480,8,3109,69,3040,18,2025-06-10
2025-06-17,Tarde,EST-02,Prensado,480,82,398,8,2851,81,2770,19,2025-06-10
2025-06-17,Noche,EST-02,Prensado,480,66,414,8,2774,116,2658,20,2025-06-10
2025-06-18,Mañana,EST-01,Aserrado,480,0,480,12,5063,116,4947,6,2025-06-15
2025-06-18,Tarde,EST-01,Aserrado,480,80,400,12,4042,83,3959,7,2025-06-15
2025-06-18,Noche,EST-01,Aserrado,480,0,480,12,5320,81,5239,8,2025-06-15
2025-06-18,Mañana,EST-02,Prensado,480,0,480,8,3315,98,3217,21,2025-06-10
2025-06-18,Tarde,EST-02,Prensado,480,0,480,8,3241,97,3144,22,2025-06-10
2025-06-18,Noche,EST-02,Prensado,480,0,480,8,3154,64,3090,23,2025-06-10
2025-06-19,Mañana,EST-01,Aserrado,480,214,266,12,2900,83,2817,9,2025-06-15
2025-06-19,Tarde,EST-01,Aserrado,480,0,480,12,5127,68,5059,10,2025-06-15
2025-06-19,Noche,EST-01,Aserrado,480,32,448,12,4675,104,4571,11,2025-06-15
2025-06-19,Mañana,EST-02,Prensado,480,137,343,8,2195,97,2098,24,2025-06-10
2025-06-19,Tarde,EST-02,Prensado,480,58,422,8,2890,84,2806,25,2025-06-10
2025-06-19,Noche,EST-02,Prensado,480,82,398,8,2626,99,2527,26,2025-06-10
2025-06-20,Mañana,EST-01,Aserrado,480,0,480,12,5258,131,5127,12,2025-06-15
2025-06-20,Tarde,EST-01,Aserrado,480,76,404,12,4490,112,4378,13,2025-06-15
2025-06-20,Noche,EST-01,Aserrado,480,117,363,12,3752,100,3652,14,2025-06-15
2025-06-20,Mañana,EST-02,Prensado,480,0,480,8,3443,85,3358,0,2025-06-19
2025-06-20,Tarde,EST-02,Prensado,480,0,480,8,3612,70,3542,1,2025-06-19
2025-06-20,Noche,EST-02,Prensado,480,87,393,8,2824,80,2744,2,2025-06-19
2025-06-21,Mañana,EST-01,Aserrado,480,81,399,12,3974,179,3795,15,2025-06-15
2025-06-21,Tarde,EST-01,Aserrado,480,74,406,12,4219,97,4122,16,2025-06-15
2025-06-21,Noche,EST-01,Aserrado,480,99,381,12,3942,127,3815,17,2025-06-15
2025-06-21,Mañana,EST-02,Prensado,480,35,445,8,3323,107,3216,3,2025-06-19
2025-06-21,Tarde,EST-02,Prensado,480,0,480,8,3416,61,3355,4,2025-06-19
2025-06-21,Noche,EST-02,Prensado,480,39,441,8,3251,30,3221,5,2025-06-19
2025-06-22,Mañana,EST-01,Aserrado,480,0,480,12,4970,143,4827,18,2025-06-15
2025-06-22,Tarde,EST-01,Aserrado,480,70,410,12,4410,119,4291,19,2025-06-15
2025-06-22,Noche,EST-01,Aserrado,480,0,480,12,5151,157,4994,20,2025-06-15
2025-06-22,Mañana,EST-02,Prensado,480,0,480,8,3570,86,3484,6,2025-06-19
2025-06-22,Tarde,EST-02,Prensado,480,111,369,8,2639,46,2593,7,2025-06-19
2025-06-22,Noche,EST-02,Prensado,480,109,371,8,2521,51,2470,8,2025-06-19
2025-06-23,Mañana,EST-01,Aserrado,480,108,372,12,4071,78,3993,0,2025-06-22
2025-06-23,Tarde,EST-01,Aserrado,480,0,480,12,5249,99,5150,1,2025-06-22
2025-06-23,Noche,EST-01,Aserrado,480,0,480,12,5257,157,5100,2,2025-06-22
2025-06-23,Mañana,EST-02,Prensado,480,152,328,8,2278,83,2195,9,2025-06-19
2025-06-23,Tarde,EST-02,Prensado,480,0,480,8,3071,53,3018,10,2025-06-19
2025-06-23,Noche,EST-02,Prensado,480,80,400,8,2841,75,2766,11,2025-06-19
2025-06-24,Mañana,EST-01,Aserrado,480,24,456,12,4963,89,4874,3,2025-06-22
2025-06-24,Tarde,EST-01,Aserrado,480,91,389,12,4153,91,4062,4,2025-06-22
2025-06-24,Noche,EST-01,Aserrado,480,38,442,12,4680,98,4582,5,2025-06-22
2025-06-24,Mañana,EST-02,Prensado,480,38,442,8,3151,89,3062,12,2025-06-19
2025-06-24,Tarde,EST-02,Prensado,480,13,467,8,3383,105,3278,13,2025-06-19
2025-06-24,Noche,EST-02,Prensado,480,0,480,8,3345,49,3296,14,2025-06-19
2025-06-25,Mañana,EST-01,Aserrado,480,53,427,12,4535,83,4452,6,2025-06-22
2025-06-25,Tarde,EST-01,Aserrado,480,0,480,12,4978,149,4829,7,2025-06-22
2025-06-25,Noche,EST-01,Aserrado,480,0,480,12,5255,71,5184,8,2025-06-22
2025-06-25,Mañana,EST-02,Prensado,480,35,445,8,3083,82,3001,15,2025-06-19
2025-06-25,Tarde,EST-02,Prensado,480,0,480,8,3298,91,3207,16,2025-06-19
2025-06-25,Noche,EST-02,Prensado,480,38,442,8,2810,76,2734,17,2025-06-19
2025-06-26,Mañana,EST-01,Aserrado,480,98,382,12,4272,108,4164,9,2025-06-22
2025-06-26,Tarde,EST-01,Aserrado,480,0,480,12,5165,115,5050,10,2025-06-22
2025-06-26,Noche,EST-01,Aserrado,480,36,444,12,4952,125,4827,11,2025-06-22
2025-06-26,Mañana,EST-02,Prensado,480,96,384,8,2638,116,2522,18,2025-06-19
2025-06-26,Tarde,EST-02,Prensado,480,21,459,8,3198,91,3107,19,2025-06-19
2025-06-26,Noche,EST-02,Prensado,480,0,480,8,3371,95,3276,20,2025-06-19
2025-06-27,Mañana,EST-01,Aserrado,480,0,480,12,5294,105,5189,12,2025-06-22
2025-06-27,Tarde,EST-01,Aserrado,480,65,415,12,4471,140,4331,13,2025-06-22
2025-06-27,Noche,EST-01,Aserrado,480,84,396,12,4228,116,4112,14,2025-06-22
2025-06-27,Mañana,EST-02,Prensado,480,0,480,8,2974,100,2874,21,2025-06-19
2025-06-27,Tarde,EST-02,Prensado,480,28,452,8,3260,83,3177,22,2025-06-19
2025-06-27,Noche,EST-02,Prensado,480,0,480,8,3506,147,3359,23,2025-06-19
2025-06-28,Mañana,EST-01,Aserrado,480,0,480,12,5516,117,5399,0,2025-06-27
2025-06-28,Tarde,EST-01,Aserrado,480,22,458,12,5191,184,5007,1,2025-06-27
2025-06-28,Noche,EST-01,Aserrado,480,22,458,12,5372,67,5305,2,2025-06-27
2025-06-28,Mañana,EST-02,Prensado,480,0,480,8,3374,89,3285,24,2025-06-19
2025-06-28,Tarde,EST-02,Prensado,480,0,480,8,3225,92,3133,25,2025-06-19
2025-06-28,Noche,EST-02,Prensado,480,109,371,8,2498,91,2407,26,2025-06-19
2025-06-29,Mañana,EST-01,Aserrado,480,0,480,12,5257,153,5104,3,2025-06-27
2025-06-29,Tarde,EST-01,Aserrado,480,0,480,12,5337,117,5220,4,2025-06-27
2025-06-29,Noche,EST-01,Aserrado,480,0,480,12,4984,131,4853,5,2025-06-27
2025-06-29,Mañana,EST-02,Prensado,480,117,363,8,2606,61,2545,0,2025-06-28
2025-06-29,Tarde,EST-02,Prensado,480,94,386,8,2816,33,2783,1,2025-06-28
2025-06-29,Noche,EST-02,Prensado,480,0,480,8,3771,78,3693,2,2025-06-28
2025-06-30,Mañana,EST-01,Aserrado,480,0,480,12,5198,99,5099,6,2025-06-27
2025-06-30,Tarde,EST-01,Aserrado,480,0,480,12,5052,146,4906,7,2025-06-27
2025-06-30,Noche,EST-01,Aserrado,480,0,480,12,5145,137,5008,8,2025-06-27
2025-06-30,Mañana,EST-02,Prensado,480,20,460,8,3357,98,3259,3,2025-06-28
2025-06-30,Tarde,EST-02,Prensado,480,0,480,8,3441,47,3394,4,2025-06-28
2025-06-30,Noche,EST-02,Prensado,480,0,480,8,3297,108,3189,5,2025-06-28
